00000111000100000 00000000000000111
00000111000100001 00000000000000110
00000111000100000 00000000010000111
00000111000100001 00000000010000110
00000111000000100 00000000011010011
00000111000000101 00000000011010010
00000111000100000 00001000000000111
00000111000100001 00001000000000110
0000111000100000 0000000000000111
0000111000100001 0000000000000110
00001110001000100 00000000000001010
00001110001100000 00000000000010010
0000111000100000 0000000010000111
0000111000100001 0000000010000110
00001110001000100 00000000100001010
00001110001100000 00000000100010010
0000111000000100 0000000011010011
0000111000000101 0000000011010010
00001110000001100 00000000110100010
00001010000100000 00001000000000111
00001010000100001 00001000000000110
00000001100001001 00010010000000011
00000001100001010 00010010000000010
00000001100010010 00010010000000011
00000001100010011 00010010000000010
00000001100011100 00010010000000000
00000001100011100 00010010000000010
00000001100011100 00010010001000000
00000100010001100 00010001010100010
00000100010001011 00010001010101000
00000111000100000 00010000000000111
00000111000100001 00010000000000110
00000111000100000 00010000010000111
00000111000100001 00010000010000110
00000111000000100 00010000011010011
00000111000000101 00010000011010010
00000000100001001 00011100000000011
00000000100001010 00011100000000010
00000000100010010 00011100000000011
00000000100010011 00011100000000010
00000000100011100 00011100000000000
00000000100011100 00011100000000010
00000000100011100 00011100001000000
00000100000011100 00011001011000000
00000111000100000 00011000000000111
00000111000100001 00011000000000110
00001000100001001 00010100000000011
00001000100001010 00010100000000010
00001000100010010 00010100000000011
00001000100010011 00010100000000010
00001000100011100 00010100000000000
00001000100011100 00010100000000010
00001000100011100 00010100001000000
00001100000011100 00010001011000000
00001100010001000 00010001010100010
00001100010001010 00010001010100001
0000111000100000 0001000000000111
0000111000100001 0001000000000110
00001110001000100 00010000000001010
00001110001100000 00010000000010010
00001001000100000 00011000000000111
00001001000100001 00011000000000110
00010000100001001 00001100000000011
00010000100001010 00001100000000010
00010000100010010 00001100000000011
00010000100010011 00001100000000010
00010000100011100 00001100000000000
00010000100011100 00001100000000010
00010000100011100 00001100001000000
00010100000011100 00001001011000000
00011100010000001 00000000000011011
00011100010000010 00000000000011010
000111000100000 000000000000111
000111000100001 000000000000110
00011100010001001 00000000000010011
00011100010001010 00000000000010010
0001110001000100 0000000000001010
00011100011000001 00000000000100011
00011100011000010 00000000000100010
0001110001100000 0000000000010010
00011100011000001 00000000000101011
00011100011000010 00000000000101010
00011100010000001 00000001000011011
00011100010000010 00000001000011010
000111000100000 000000010000111
000111000100001 000000010000110
00011100010001001 00000001000010011
00011100010001010 00000001000010010
0001110001000100 0000000100001010
00011100011000001 00000001000100011
00011100011000010 00000001000100010
0001110001100000 0000000100010010
00011100011000001 00000001000101011
00011100011000010 00000001000101010
00011100000010001 00000001101001011
00011100000010010 00000001101001010
000111000000100 000000011010011
000111000000101 000000011010010
00011100000011001 00000001101000011
00011100000011010 00000001101000010
0001110000001100 0000000110100010
00011001000100000 00001000000000111
00011001000100001 00001000000000110
00010001000100011 00010101010001000
0001010000100000 0001000000000111
0001010000100001 0001000000000110
00010100001000100 00010000000001010
00010100001100000 00010000000010010
00010010000100000 00011000000000111
00010010000100001 00011000000000110
00000011000010000 00100100000000111
00000011000010001 00100100000000110
0000001100001001 0010010000000011
0000001100001010 0010010000000010
0000001100010010 0010010000000011
0000001100010011 0010010000000010
0000001100011100 0010010000000000
00000011000111000 00100100000000010
0000001100011100 0010010000000010
00000011000111000 00100100000000110
0000001100011100 0010010001000000
00000011000111000 00100100010000010
00000111000100000 00101000000000111
00000111000100001 00101000000000110
00001000100011001 00100010101000011
00001000100011010 00100010101000010
0000100010001100 0010001010100010
0000100010001011 0010001010101000
00001101000100001 00100000010101011
00001101000100010 00100000010101010
0000111000100000 0010000000000111
0000111000100001 0010000000000110
00001110001000100 00100000000001010
00001110001100000 00100000000010010
0000111000100000 0010000010000111
0000111000100001 0010000010000110
00001110001000100 00100000100001010
00001110001100000 00100000100010010
0000111000000100 0010000011010011
0000111000000101 0010000011010010
00001110000001100 00100000110100010
00001111000100000 00100000000000111
00001111000100001 00100000000000110
00001111000100000 00100000010000111
00001111000100001 00100000010000110
00001111000000100 00100000011010011
00001111000000101 00100000011010010
00001010000100000 00101000000000111
00001010000100001 00101000000000110
00000001000010000 00111000000000111
00000001000010001 00111000000000110
0000000100001001 0011100000000011
0000000100001010 0011100000000010
0000000100010010 0011100000000011
0000000100010011 0011100000000010
0000000100011100 0011100000000000
00000001000111000 00111000000000010
0000000100011100 0011100000000010
00000001000111000 00111000000000110
0000000100011100 0011100001000000
00000001000111000 00111000010000010
00000001010000100 00111000000010011
00000001010000101 00111000000010010
00000010000100000 00111000000000111
00000010000100001 00111000000000110
00000000100001001 00111100000000011
00000000100001010 00111100000000010
00000000100010010 00111100000000011
00000000100010011 00111100000000010
00000000100011100 00111100000000000
00000000100011100 00111100000000010
00000000100011100 00111100001000000
00000100000011100 00111001011000000
00001000010100000 00110010000000111
00001000010100001 00110010000000110
0000100000011100 0011001011000000
00001000000111000 00110010110000010
0000111000100000 0011000000000111
0000111000100001 0011000000000110
00001110001000100 00110000000001010
00001110001100000 00110000000010010
00001001000100000 00111000000000111
00001001000100001 00111000000000110
00010100010001100 00100001010100010
00010100010001011 00100001010101000
00010111000100000 00100000000000111
00010111000100001 00100000000000110
00010111000100000 00100000010000111
00010111000100001 00100000010000110
00010111000000100 00100000011010011
00010111000000101 00100000011010010
00010001000010000 00101000000000111
00010001000010001 00101000000000110
0001000100001001 0010100000000011
0001000100001010 0010100000000010
0001000100010010 0010100000000011
0001000100010011 0010100000000010
0001000100011100 0010100000000000
00010001000111000 00101000000000010
0001000100011100 0010100000000010
00010001000111000 00101000000000110
0001000100011100 0010100001000000
00010001000111000 00101000010000010
00010001010000100 00101000000010011
00010001010000101 00101000000010010
00010010000100000 00101000000000111
00010010000100001 00101000000000110
00010000100001001 00101100000000011
00010000100001010 00101100000000010
00010000100010010 00101100000000011
00010000100010011 00101100000000010
00010000100011100 00101100000000000
00010000100011100 00101100000000010
00010000100011100 00101100001000000
00010100000011100 00101001011000000
00011000010100000 00100010000000111
00011000010100001 00100010000000110
0001100000011100 0010001011000000
00011000000111000 00100010110000010
0001100010001000 0010001010100010
0001100010001010 0010001010100001
00011100010000001 00100000000011011
00011100010000010 00100000000011010
000111000100000 001000000000111
000111000100001 001000000000110
00011100010001001 00100000000010011
00011100010001010 00100000000010010
0001110001000100 0010000000001010
00011100011000001 00100000000100011
00011100011000010 00100000000100010
0001110001100000 0010000000010010
00011100011000001 00100000000101011
00011100011000010 00100000000101010
00011001000100000 00101000000000111
00011001000100001 00101000000000110
0001001000100000 0011000000000111
0001001000100001 0011000000000110
00010010001000100 00110000000001010
00010010001100000 00110000000010010
00010010000100000 00111000000000111
00010010000100001 00111000000000110
00100111000100000 00000000000000111
00100111000100001 00000000000000110
00100111000100000 00000000010000111
00100111000100001 00000000010000110
00100111000000100 00000000011010011
00100111000000101 00000000011010010
00100111000100000 00001000000000111
00100111000100001 00001000000000110
00101010000100000 00001000000000111
00101010000100001 00001000000000110
00100001000010000 00011000000000111
00100001000010001 00011000000000110
0010000100001001 0001100000000011
0010000100001010 0001100000000010
0010000100010010 0001100000000011
0010000100010011 0001100000000010
0010000100011100 0001100000000000
00100001000111000 00011000000000010
0010000100011100 0001100000000010
00100001000111000 00011000000000110
0010000100011100 0001100001000000
00100001000111000 00011000010000010
00100001010000100 00011000000010011
00100001010000101 00011000000010010
00100010000100000 00011000000000111
00100010000100001 00011000000000110
00100000100001001 00011100000000011
00100000100001010 00011100000000010
00100000100010010 00011100000000011
00100000100010011 00011100000000010
00100000100011100 00011100000000000
00100000100011100 00011100000000010
00100000100011100 00011100001000000
00100100000011100 00011001011000000
00101000010100000 00010010000000111
00101000010100001 00010010000000110
0010100000011100 0001001011000000
00101000000111000 00010010110000010
00101001000100000 00011000000000111
00101001000100001 00011000000000110
00110001000100001 00000100010101011
00110001000100010 00000100010101010
00110111000100000 00000000000000111
00110111000100001 00000000000000110
00110111000100000 00000000010000111
00110111000100001 00000000010000110
00110111000000100 00000000011010011
00110111000000101 00000000011010010
00110100010001000 00000101010100010
00110100010001010 00000101010100001
00110000100001001 00001100000000011
00110000100001010 00001100000000010
00110000100010010 00001100000000011
00110000100010011 00001100000000010
00110000100011100 00001100000000000
00110000100011100 00001100000000010
00110000100011100 00001100001000000
00110100000011100 00001001011000000
00111000100000000 00000000000110111
00111000100000001 00000000000110110
0011100010000001 0000000000011011
00111000100000100 00000000000110011
00111000100000101 00000000000110010
0011100010000010 0000000000011010
00111000100000 00000000000111
00111000100001 00000000000110
00111000100010000 00000000000100111
00111000100010001 00000000000100110
0011100010001001 0000000000010011
00111000100010100 00000000000100011
00111000100010101 00000000000100010
0011100010001010 0000000000010010
001110001000100 000000000001010
00111000100100000 00000000000000111
00111000100100001 00000000000000110
00111000110000000 00000000001000111
00111000110000001 00000000001000110
0011100011000001 0000000000100011
00111000110000100 00000000001000011
00111000110000101 00000000001000010
0011100011000010 0000000000100010
001110001100000 000000000010010
00111000110000000 00000000001010111
00111000110000001 00000000001010110
0011100011000001 0000000000101011
00111000110000100 00000000001010011
00111000110000101 00000000001010010
0011100011000010 0000000000101010
00111000111000000 00000000000000111
00111000111000001 00000000000000110
00111000111000000 00000000000010111
00111000111000001 00000000000010110
00111000100000000 00000010000110111
00111000100000001 00000010000110110
0011100010000001 0000001000011011
00111000100000100 00000010000110011
00111000100000101 00000010000110010
0011100010000010 0000001000011010
00111000100000 00000010000111
00111000100001 00000010000110
00111000100010000 00000010000100111
00111000100010001 00000010000100110
0011100010001001 0000001000010011
00111000100010100 00000010000100011
00111000100010101 00000010000100010
0011100010001010 0000001000010010
001110001000100 000000100001010
00111000100100000 00000010000000111
00111000100100001 00000010000000110
00111000110000000 00000010001000111
00111000110000001 00000010001000110
0011100011000001 0000001000100011
00111000110000100 00000010001000011
00111000110000101 00000010001000010
0011100011000010 0000001000100010
001110001100000 000000100010010
00111000110000000 00000010001010111
00111000110000001 00000010001010110
0011100011000001 0000001000101011
00111000110000100 00000010001010011
00111000110000101 00000010001010010
0011100011000010 0000001000101010
00111000111000000 00000010000000111
00111000111000001 00000010000000110
00111000111000000 00000010000010111
00111000111000001 00000010000010110
00111000000100000 00000011000000111
00111000000100001 00000011000000110
00111000000100000 00000011010000111
00111000000100001 00000011010000110
00111000000100000 00000011010010111
00111000000100001 00000011010010110
0011100000010001 0000001101001011
00111000000100100 00000011010010011
00111000000100101 00000011010010010
0011100000010010 0000001101001010
00111000000100 00000011010011
00111000000101 00000011010010
00111000000110000 00000011010000111
00111000000110001 00000011010000110
0011100000011001 0000001101000011
00111000000110100 00000011010000011
00111000000110101 00000011010000010
0011100000011010 0000001101000010
001110000001100 000000110100010
00111000000000100 00000011011010011
00111000000000101 00000011011010010
00111001000100000 00000010000000111
00111001000100001 00000010000000110
00111001000100000 00001000000000111
00111001000100001 00001000000000110
0011001000100000 0001000000000111
0011001000100001 0001000000000110
00110010001000100 00010000000001010
00110010001100000 00010000000010010
00110010000100000 00011000000000111
00110010000100001 00011000000000110
00100001100001001 00100010000000011
00100001100001010 00100010000000010
00100001100010010 00100010000000011
00100001100010011 00100010000000010
00100001100011100 00100010000000000
00100001100011100 00100010000000010
00100001100011100 00100010001000000
00100111000100000 00100000000000111
00100111000100001 00100000000000110
00100111000100000 00100000010000111
00100111000100001 00100000010000110
00100111000000100 00100000011010011
00100111000000101 00100000011010010
00100001100001001 00101010000000011
00100001100001010 00101010000000010
00100001100010010 00101010000000011
00100001100010011 00101010000000010
00100001100011100 00101010000000000
00100001100011100 00101010000000010
00100001100011100 00101010001000000
0010001000100011 0010101010001000
00100010001011000 00101010100000010
00100010001011000 00101010100000011
00100010001011001 00101010100000010
00100010001011010 00101010100000001
00100010001011100 00101010100000001
00100010100110000 00101010000000111
00100010100110001 00101010000000110
00100010100110100 00101010000000011
00100010100110101 00101010000000010
00100000100001001 00101100000000011
00100000100001010 00101100000000010
00100000100010010 00101100000000011
00100000100010011 00101100000000010
00100000100011100 00101100000000000
00100000100011100 00101100000000010
00100000100011100 00101100001000000
00100100000011100 00101001011000000
00100111000100000 00101000000000111
00100111000100001 00101000000000110
00101000010000001 00100000000011011
00101000010000010 00100000000011010
001010000100000 001000000000111
001010000100001 001000000000110
00101000010001001 00100000000010011
00101000010001010 00100000000010010
0010100001000100 0010000000001010
00101000011000001 00100000000100011
00101000011000010 00100000000100010
0010100001100000 0010000000010010
00101000011000001 00100000000101011
00101000011000010 00100000000101010
00101000100001001 00100100000000011
00101000100001010 00100100000000010
00101000100010010 00100100000000011
00101000100010011 00100100000000010
00101000100011100 00100100000000000
00101000100011100 00100100000000010
00101000100011100 00100100001000000
00101100000011100 00100001011000000
00101100010001000 00100001010100010
00101100010001010 00100001010100001
00101010000100000 00101000000000111
00101010000100001 00101000000000110
00100001000100011 00110101010001000
0010010000100000 0011000000000111
0010010000100001 0011000000000110
00100100001000100 00110000000001010
00100100001100000 00110000000010010
00100000100001001 00111100000000011
00100000100001010 00111100000000010
00100000100010010 00111100000000011
00100000100010011 00111100000000010
00100000100011100 00111100000000000
00100000100011100 00111100000000010
00100000100011100 00111100001000000
00100100000011100 00111001011000000
00101001000100000 00111000000000111
00101001000100001 00111000000000110
00110000100001001 00101100000000011
00110000100001010 00101100000000010
00110000100010010 00101100000000011
00110000100010011 00101100000000010
00110000100011100 00101100000000000
00110000100011100 00101100000000010
00110000100011100 00101100001000000
00110100000011100 00101001011000000
00111001000100000 00101000000000111
00111001000100001 00101000000000110
00110010000100000 00111000000000111
00110010000100001 00111000000000110
00000111000100000 01000000000000111
00000111000100001 01000000000000110
00000111000100000 01000000010000111
00000111000100001 01000000010000110
00000111000000100 01000000011010011
00000111000000101 01000000011010010
00000110000000100 01001000000010011
00000110000000101 01001000000010010
0000011000010000 0100100000000111
0000011000010001 0100100000000110
00000110000100100 01001000000001010
000001100001001 010010000000011
000001100001010 010010000000010
00000110001001000 01001000000001011
00000110001001001 01001000000001010
000001100010010 010010000000011
000001100010011 010010000000010
00000110001000100 01001000000010011
00000110001000101 01001000000010010
000001100011100 010010000000000
0000011000111000 0100100000000010
00000110001110100 01001000000000010
000001100011100 010010000000010
0000011000111000 0100100000000110
00000110001111000 01001000000000010
000001100011100 010010001000000
0000011000111000 0100100010000010
00000110001110100 01001000100000010
00000110001111000 01001000100000010
00001010000100000 01001000000000111
00001010000100001 01001000000000110
00001111000100000 01001000000000111
00001111000100001 01001000000000110
00000001100001001 01010010000000011
00000001100001010 01010010000000010
00000001100010010 01010010000000011
00000001100010011 01010010000000010
00000001100011100 01010010000000000
00000001100011100 01010010000000010
00000001100011100 01010010001000000
00000100010001100 01010001010100010
00000100010001011 01010001010101000
00000111000100000 01010000000000111
00000111000100001 01010000000000110
00000111000100000 01010000010000111
00000111000100001 01010000010000110
00000111000000100 01010000011010011
00000111000000101 01010000011010010
00000000100001001 01011100000000011
00000000100001010 01011100000000010
00000000100010010 01011100000000011
00000000100010011 01011100000000010
00000000100011100 01011100000000000
00000000100011100 01011100000000010
00000000100011100 01011100001000000
00000100000011100 01011001011000000
00000111000100000 01011000000000111
00000111000100001 01011000000000110
00001000100001001 01010100000000011
00001000100001010 01010100000000010
00001000100010010 01010100000000011
00001000100010011 01010100000000010
00001000100011100 01010100000000000
00001000100011100 01010100000000010
00001000100011100 01010100001000000
00001100000011100 01010001011000000
00001100010001000 01010001010100010
00001100010001010 01010001010100001
0000111000100000 0101000000000111
0000111000100001 0101000000000110
00001110001000100 01010000000001010
00001110001100000 01010000000010010
00001001000100000 01011000000000111
00001001000100001 01011000000000110
00010000010001100 01000101010100010
00010000010001011 01000101010101000
00010001010001100 01000100010100010
00010001010001011 01000100010101000
00010001000110000 01000101010000111
00010001000110001 01000101010000110
0001000100011001 0100010101000011
00010001000110100 01000101010000011
00010001000110101 01000101010000010
0001000100011010 0100010101000010
000100010001100 010001010100010
00010001000100011 01000101010101000
00010001000101011 01000101010100000
000100010001011 010001010101000
00010001000101011 01000101010101000
00010001010001100 01000101010100010
00010001010001011 01000101010101000
00010000100001001 01001100000000011
00010000100001010 01001100000000010
00010000100010010 01001100000000011
00010000100010011 01001100000000010
00010000100011100 01001100000000000
00010000100011100 01001100000000010
00010000100011100 01001100001000000
00010100000011100 01001001011000000
0001101000100001 0100000010101011
00011010001000100 01000000101010011
00011010001000101 01000000101010010
0001101000100010 0100000010101010
00011100010000001 01000000000011011
00011100010000010 01000000000011010
000111000100000 010000000000111
000111000100001 010000000000110
00011100010001001 01000000000010011
00011100010001010 01000000000010010
0001110001000100 0100000000001010
00011100011000001 01000000000100011
00011100011000010 01000000000100010
0001110001100000 0100000000010010
00011100011000001 01000000000101011
00011100011000010 01000000000101010
00011100010000001 01000001000011011
00011100010000010 01000001000011010
000111000100000 010000010000111
000111000100001 010000010000110
00011100010001001 01000001000010011
00011100010001010 01000001000010010
0001110001000100 0100000100001010
00011100011000001 01000001000100011
00011100011000010 01000001000100010
0001110001100000 0100000100010010
00011100011000001 01000001000101011
00011100011000010 01000001000101010
00011100000010001 01000001101001011
00011100000010010 01000001101001010
000111000000100 010000011010011
000111000000101 010000011010010
00011100000011001 01000001101000011
00011100000011010 01000001101000010
0001110000001100 0100000110100010
00011101000100001 01000000010101011
00011101000100010 01000000010101010
0001111000100000 0100000000000111
0001111000100001 0100000000000110
00011110001000100 01000000000001010
00011110001100000 01000000000010010
0001111000100000 0100000010000111
0001111000100001 0100000010000110
00011110001000100 01000000100001010
00011110001100000 01000000100010010
0001111000000100 0100000011010011
0001111000000101 0100000011010010
00011110000001100 01000000110100010
00011001000100000 01001000000000111
00011001000100001 01001000000000110
00010001000100011 01010101010001000
0001010000100000 0101000000000111
0001010000100001 0101000000000110
00010100001000100 01010000000001010
00010100001100000 01010000000010010
00010010000100000 01011000000000111
00010010000100001 01011000000000110
00000111000100000 01100000000000111
00000111000100001 01100000000000110
00000111000100000 01100000010000111
00000111000100001 01100000010000110
00000111000000100 01100000011010011
00000111000000101 01100000011010010
00000111000100000 01101000000000111
00000111000100001 01101000000000110
00001101000100001 01100000010101011
00001101000100010 01100000010101010
00001001000100000 01101000000000111
00001001000100001 01101000000000110
00001010000100000 01101000000000111
00001010000100001 01101000000000110
00000010000000100 01110000000010011
00000010000000101 01110000000010010
0000001000010000 0111000000000111
0000001000010001 0111000000000110
00000010000100100 01110000000001010
000000100001001 011100000000011
000000100001010 011100000000010
00000010001001000 01110000000001011
00000010001001001 01110000000001010
000000100010010 011100000000011
000000100010011 011100000000010
00000010001000100 01110000000010011
00000010001000101 01110000000010010
000000100011100 011100000000000
0000001000111000 0111000000000010
00000010001110100 01110000000000010
000000100011100 011100000000010
0000001000111000 0111000000000110
00000010001111000 01110000000000010
000000100011100 011100001000000
0000001000111000 0111000010000010
00000010001110100 01110000100000010
00000010001111000 01110000100000010
0000001010000100 0111000000010011
0000001010000101 0111000000010010
00000010100001100 01110000000100010
0000010000100000 0111000000000111
0000010000100001 0111000000000110
00000100001000100 01110000000001010
00000100001100000 01110000000010010
00000110010100001 01110000000101011
00000110010100010 01110000000101010
00000001000010000 01111000000000111
00000001000010001 01111000000000110
0000000100001001 0111100000000011
0000000100001010 0111100000000010
0000000100010010 0111100000000011
0000000100010011 0111100000000010
0000000100011100 0111100000000000
00000001000111000 01111000000000010
0000000100011100 0111100000000010
00000001000111000 01111000000000110
0000000100011100 0111100001000000
00000001000111000 01111000010000010
00000001010000100 01111000000010011
00000001010000101 01111000000010010
00000010000100000 01111000000000111
00000010000100001 01111000000000110
00000000100001001 01111100000000011
00000000100001010 01111100000000010
00000000100010010 01111100000000011
00000000100010011 01111100000000010
00000000100011100 01111100000000000
00000000100011100 01111100000000010
00000000100011100 01111100001000000
00000100000011100 01111001011000000
00001000010100000 01110010000000111
00001000010100001 01110010000000110
0000100000011100 0111001011000000
00001000000111000 01110010110000010
00001001000100000 01111000000000111
00001001000100001 01111000000000110
00010000000100000 01100100000000111
00010000000100001 01100100000000110
0001000010100000 0110010000000111
0001000010100001 0110010000000110
00010000101000100 01100100000001010
000100000011100 011001011000000
0001000000111000 0110010110000010
00010000001110100 01100101100000010
00010000001111000 01100101100000010
00010001000100000 01100100000000111
00010001000100001 01100100000000110
00010001000100011 01100101010001000
00010100010001100 01100001010100010
00010100010001011 01100001010101000
00010110010100001 01100000000101011
00010110010100010 01100000000101010
00010000100001001 01101100000000011
00010000100001010 01101100000000010
00010000100010010 01101100000000011
00010000100010011 01101100000000010
00010000100011100 01101100000000000
00010000100011100 01101100000000010
00010000100011100 01101100001000000
00010100000011100 01101001011000000
00011100010000001 01100000000011011
00011100010000010 01100000000011010
000111000100000 011000000000111
000111000100001 011000000000110
00011100010001001 01100000000010011
00011100010001010 01100000000010010
0001110001000100 0110000000001010
00011100011000001 01100000000100011
00011100011000010 01100000000100010
0001110001100000 0110000000010010
00011100011000001 01100000000101011
00011100011000010 01100000000101010
00011001000100000 01101000000000111
00011001000100001 01101000000000110
0001001000100000 0111000000000111
0001001000100001 0111000000000110
00010010001000100 01110000000001010
00010010001100000 01110000000010010
00010010000100000 01111000000000111
00010010000100001 01111000000000110
00100111000100000 01000000000000111
00100111000100001 01000000000000110
00100111000100000 01000000010000111
00100111000100001 01000000010000110
00100111000000100 01000000011010011
00100111000000101 01000000011010010
00100111000100000 01001000000000111
00100111000100001 01001000000000110
00101000100011001 01000010101000011
00101000100011010 01000010101000010
0010100010001100 0100001010100010
0010100010001011 0100001010101000
00101101000100001 01000000010101011
00101101000100010 01000000010101010
0010111000100000 0100000000000111
0010111000100001 0100000000000110
00101110001000100 01000000000001010
00101110001100000 01000000000010010
0010111000100000 0100000010000111
0010111000100001 0100000010000110
00101110001000100 01000000100001010
00101110001100000 01000000100010010
0010111000000100 0100000011010011
0010111000000101 0100000011010010
00101110000001100 01000000110100010
00101010000100000 01001000000000111
00101010000100001 01001000000000110
00100010000000100 01010000000010011
00100010000000101 01010000000010010
0010001000010000 0101000000000111
0010001000010001 0101000000000110
00100010000100100 01010000000001010
001000100001001 010100000000011
001000100001010 010100000000010
00100010001001000 01010000000001011
00100010001001001 01010000000001010
001000100010010 010100000000011
001000100010011 010100000000010
00100010001000100 01010000000010011
00100010001000101 01010000000010010
001000100011100 010100000000000
0010001000111000 0101000000000010
00100010001110100 01010000000000010
001000100011100 010100000000010
0010001000111000 0101000000000110
00100010001111000 01010000000000010
001000100011100 010100001000000
0010001000111000 0101000010000010
00100010001110100 01010000100000010
00100010001111000 01010000100000010
0010001010000100 0101000000010011
0010001010000101 0101000000010010
00100010100001100 01010000000100010
0010010000100000 0101000000000111
0010010000100001 0101000000000110
00100100001000100 01010000000001010
00100100001100000 01010000000010010
00100110010100001 01010000000101011
00100110010100010 01010000000101010
00100001000010000 01011000000000111
00100001000010001 01011000000000110
0010000100001001 0101100000000011
0010000100001010 0101100000000010
0010000100010010 0101100000000011
0010000100010011 0101100000000010
0010000100011100 0101100000000000
00100001000111000 01011000000000010
0010000100011100 0101100000000010
00100001000111000 01011000000000110
0010000100011100 0101100001000000
00100001000111000 01011000010000010
00100001010000100 01011000000010011
00100001010000101 01011000000010010
00100010000100000 01011000000000111
00100010000100001 01011000000000110
00100000100001001 01011100000000011
00100000100001010 01011100000000010
00100000100010010 01011100000000011
00100000100010011 01011100000000010
00100000100011100 01011100000000000
00100000100011100 01011100000000010
00100000100011100 01011100001000000
00100100000011100 01011001011000000
00101000010100000 01010010000000111
00101000010100001 01010010000000110
0010100000011100 0101001011000000
00101000000111000 01010010110000010
00101001000100000 01011000000000111
00101001000100001 01011000000000110
00110000000100000 01000100000000111
00110000000100001 01000100000000110
0011000010100000 0100010000000111
0011000010100001 0100010000000110
00110000101000100 01000100000001010
001100000011100 010001011000000
0011000000111000 0100010110000010
00110000001110100 01000101100000010
00110000001111000 01000101100000010
00110001000100000 01000100000000111
00110001000100001 01000100000000110
00110001000100001 01000100010101011
00110001000100010 01000100010101010
00110001000001000 01000101010100010
00110001000001010 01000101010100001
001100010001000 010001010100010
001100010001010 010001010100001
00110001010001000 01000101000100010
00110001010001010 01000101000100001
00110001010001000 01000101010100010
00110001010001010 01000101010100001
00110111000100000 01000000000000111
00110111000100001 01000000000000110
00110111000100000 01000000010000111
00110111000100001 01000000010000110
00110111000000100 01000000011010011
00110111000000101 01000000011010010
00110100010001000 01000101010100010
00110100010001010 01000101010100001
00110000100001001 01001100000000011
00110000100001010 01001100000000010
00110000100010010 01001100000000011
00110000100010011 01001100000000010
00110000100011100 01001100000000000
00110000100011100 01001100000000010
00110000100011100 01001100001000000
00110100000011100 01001001011000000
00111000100000000 01000000000110111
00111000100000001 01000000000110110
0011100010000001 0100000000011011
00111000100000100 01000000000110011
00111000100000101 01000000000110010
0011100010000010 0100000000011010
00111000100000 01000000000111
00111000100001 01000000000110
00111000100010000 01000000000100111
00111000100010001 01000000000100110
0011100010001001 0100000000010011
00111000100010100 01000000000100011
00111000100010101 01000000000100010
0011100010001010 0100000000010010
001110001000100 010000000001010
00111000100100000 01000000000000111
00111000100100001 01000000000000110
00111000110000000 01000000001000111
00111000110000001 01000000001000110
0011100011000001 0100000000100011
00111000110000100 01000000001000011
00111000110000101 01000000001000010
0011100011000010 0100000000100010
001110001100000 010000000010010
00111000110000000 01000000001010111
00111000110000001 01000000001010110
0011100011000001 0100000000101011
00111000110000100 01000000001010011
00111000110000101 01000000001010010
0011100011000010 0100000000101010
00111000111000000 01000000000000111
00111000111000001 01000000000000110
00111000111000000 01000000000010111
00111000111000001 01000000000010110
00111001000100000 01000010000000111
00111001000100001 01000010000000110
00111101000100001 01000000010101011
00111101000100010 01000000010101010
00111001000100000 01001000000000111
00111001000100001 01001000000000110
0011001000100000 0101000000000111
0011001000100001 0101000000000110
00110010001000100 01010000000001010
00110010001100000 01010000000010010
00110010000100000 01011000000000111
00110010000100001 01011000000000110
00100100010000001 01100000000011011
00100100010000010 01100000000011010
001001000100000 011000000000111
001001000100001 011000000000110
00100100010001001 01100000000010011
00100100010001010 01100000000010010
0010010001000100 0110000000001010
00100100011000001 01100000000100011
00100100011000010 01100000000100010
0010010001100000 0110000000010010
00100100011000001 01100000000101011
00100100011000010 01100000000101010
00100111000100000 01100000000000111
00100111000100001 01100000000000110
00100111000100000 01100000010000111
00100111000100001 01100000010000110
00100111000000100 01100000011010011
00100111000000101 01100000011010010
00100111000100000 01101000000000111
00100111000100001 01101000000000110
00101010000100000 01101000000000111
00101010000100001 01101000000000110
00100001000100011 01110101010001000
0010010000100000 0111000000000111
0010010000100001 0111000000000110
00100100001000100 01110000000001010
00100100001100000 01110000000010010
00100000100001001 01111100000000011
00100000100001010 01111100000000010
00100000100010010 01111100000000011
00100000100010011 01111100000000010
00100000100011100 01111100000000000
00100000100011100 01111100000000010
00100000100011100 01111100001000000
00100100000011100 01111001011000000
00101001000100000 01111000000000111
00101001000100001 01111000000000110
00110000100001001 01101100000000011
00110000100001010 01101100000000010
00110000100010010 01101100000000011
00110000100010011 01101100000000010
00110000100011100 01101100000000000
00110000100011100 01101100000000010
00110000100011100 01101100001000000
00110100000011100 01101001011000000
00111001000100000 01101000000000111
00111001000100001 01101000000000110
00110010000100000 01111000000000111
00110010000100001 01111000000000110
01000111000100000 00000000000000111
01000111000100001 00000000000000110
01000111000100000 00000000010000111
01000111000100001 00000000010000110
01000111000000100 00000000011010011
01000111000000101 00000000011010010
01000111000100000 00001000000000111
01000111000100001 00001000000000110
0100111000100000 0000000000000111
0100111000100001 0000000000000110
01001110001000100 00000000000001010
01001110001100000 00000000000010010
0100111000100000 0000000010000111
0100111000100001 0000000010000110
01001110001000100 00000000100001010
01001110001100000 00000000100010010
0100111000000100 0000000011010011
0100111000000101 0000000011010010
01001110000001100 00000000110100010
01001010000100000 00001000000000111
01001010000100001 00001000000000110
01000001100001001 00010010000000011
01000001100001010 00010010000000010
01000001100010010 00010010000000011
01000001100010011 00010010000000010
01000001100011100 00010010000000000
01000001100011100 00010010000000010
01000001100011100 00010010001000000
01000100010001100 00010001010100010
01000100010001011 00010001010101000
01000111000100000 00010000000000111
01000111000100001 00010000000000110
01000111000100000 00010000010000111
01000111000100001 00010000010000110
01000111000000100 00010000011010011
01000111000000101 00010000011010010
01000000100001001 00011100000000011
01000000100001010 00011100000000010
01000000100010010 00011100000000011
01000000100010011 00011100000000010
01000000100011100 00011100000000000
01000000100011100 00011100000000010
01000000100011100 00011100001000000
01000100000011100 00011001011000000
01000111000100000 00011000000000111
01000111000100001 00011000000000110
01001000100001001 00010100000000011
01001000100001010 00010100000000010
01001000100010010 00010100000000011
01001000100010011 00010100000000010
01001000100011100 00010100000000000
01001000100011100 00010100000000010
01001000100011100 00010100001000000
01001100000011100 00010001011000000
01001100010001000 00010001010100010
01001100010001010 00010001010100001
0100111000100000 0001000000000111
0100111000100001 0001000000000110
01001110001000100 00010000000001010
01001110001100000 00010000000010010
01001001000100000 00011000000000111
01001001000100001 00011000000000110
01010000100001001 00001100000000011
01010000100001010 00001100000000010
01010000100010010 00001100000000011
01010000100010011 00001100000000010
01010000100011100 00001100000000000
01010000100011100 00001100000000010
01010000100011100 00001100001000000
01010100000011100 00001001011000000
01011101000100001 00000000010101011
01011101000100010 00000000010101010
01011001000100000 00001000000000111
01011001000100001 00001000000000110
01010001000100011 00010101010001000
0101010000100000 0001000000000111
0101010000100001 0001000000000110
01010100001000100 00010000000001010
01010100001100000 00010000000010010
01010010000100000 00011000000000111
01010010000100001 00011000000000110
01000111000100000 00100000000000111
01000111000100001 00100000000000110
01000111000100000 00100000010000111
01000111000100001 00100000010000110
01000111000000100 00100000011010011
01000111000000101 00100000011010010
01000111000100000 00101000000000111
01000111000100001 00101000000000110
01001101000100001 00100000010101011
01001101000100010 00100000010101010
01001001000100000 00101000000000111
01001001000100001 00101000000000110
01001010000100000 00101000000000111
01001010000100001 00101000000000110
01000010000000100 00110000000010011
01000010000000101 00110000000010010
0100001000010000 0011000000000111
0100001000010001 0011000000000110
01000010000100100 00110000000001010
010000100001001 001100000000011
010000100001010 001100000000010
01000010001001000 00110000000001011
01000010001001001 00110000000001010
010000100010010 001100000000011
010000100010011 001100000000010
01000010001000100 00110000000010011
01000010001000101 00110000000010010
010000100011100 001100000000000
0100001000111000 0011000000000010
01000010001110100 00110000000000010
010000100011100 001100000000010
0100001000111000 0011000000000110
01000010001111000 00110000000000010
010000100011100 001100001000000
0100001000111000 0011000010000010
01000010001110100 00110000100000010
01000010001111000 00110000100000010
0100001010000100 0011000000010011
0100001010000101 0011000000010010
01000010100001100 00110000000100010
0100010000100000 0011000000000111
0100010000100001 0011000000000110
01000100001000100 00110000000001010
01000100001100000 00110000000010010
01000110010100001 00110000000101011
01000110010100010 00110000000101010
01000001000010000 00111000000000111
01000001000010001 00111000000000110
0100000100001001 0011100000000011
0100000100001010 0011100000000010
0100000100010010 0011100000000011
0100000100010011 0011100000000010
0100000100011100 0011100000000000
01000001000111000 00111000000000010
0100000100011100 0011100000000010
01000001000111000 00111000000000110
0100000100011100 0011100001000000
01000001000111000 00111000010000010
01000001010000100 00111000000010011
01000001010000101 00111000000010010
01000010000100000 00111000000000111
01000010000100001 00111000000000110
01000000100001001 00111100000000011
01000000100001010 00111100000000010
01000000100010010 00111100000000011
01000000100010011 00111100000000010
01000000100011100 00111100000000000
01000000100011100 00111100000000010
01000000100011100 00111100001000000
01000100000011100 00111001011000000
01001000010100000 00110010000000111
01001000010100001 00110010000000110
0100100000011100 0011001011000000
01001000000111000 00110010110000010
01001001000100000 00111000000000111
01001001000100001 00111000000000110
01010000000100000 00100100000000111
01010000000100001 00100100000000110
0101000010100000 0010010000000111
0101000010100001 0010010000000110
01010000101000100 00100100000001010
010100000011100 001001011000000
0101000000111000 0010010110000010
01010000001110100 00100101100000010
01010000001111000 00100101100000010
01010001000100000 00100100000000111
01010001000100001 00100100000000110
01010001000100011 00100101010001000
01010100010001100 00100001010100010
01010100010001011 00100001010101000
01010110010100001 00100000000101011
01010110010100010 00100000000101010
01010000100001001 00101100000000011
01010000100001010 00101100000000010
01010000100010010 00101100000000011
01010000100010011 00101100000000010
01010000100011100 00101100000000000
01010000100011100 00101100000000010
01010000100011100 00101100001000000
01010100000011100 00101001011000000
01011001000100000 00101000000000111
01011001000100001 00101000000000110
0101001000100000 0011000000000111
0101001000100001 0011000000000110
01010010001000100 00110000000001010
01010010001100000 00110000000010010
01010010000100000 00111000000000111
01010010000100001 00111000000000110
01100111000100000 00000000000000111
01100111000100001 00000000000000110
01100111000100000 00000000010000111
01100111000100001 00000000010000110
01100111000000100 00000000011010011
01100111000000101 00000000011010010
0110001000100001 0000100010101011
01100010001000100 00001000101010011
01100010001000101 00001000101010010
0110001000100010 0000100010101010
01100111000100000 00001000000000111
01100111000100001 00001000000000110
0110100010001000 0000101010100010
0110100010001010 0000101010100001
01101010000100000 00001000000000111
01101010000100001 00001000000000110
01100001000010000 00011000000000111
01100001000010001 00011000000000110
0110000100001001 0001100000000011
0110000100001010 0001100000000010
0110000100010010 0001100000000011
0110000100010011 0001100000000010
0110000100011100 0001100000000000
01100001000111000 00011000000000010
0110000100011100 0001100000000010
01100001000111000 00011000000000110
0110000100011100 0001100001000000
01100001000111000 00011000010000010
01100001010000100 00011000000010011
01100001010000101 00011000000010010
01100010000100000 00011000000000111
01100010000100001 00011000000000110
01100000100001001 00011100000000011
01100000100001010 00011100000000010
01100000100010010 00011100000000011
01100000100010011 00011100000000010
01100000100011100 00011100000000000
01100000100011100 00011100000000010
01100000100011100 00011100001000000
01100100000011100 00011001011000000
01101000010100000 00010010000000111
01101000010100001 00010010000000110
0110100000011100 0001001011000000
01101000000111000 00010010110000010
01101001000100000 00011000000000111
01101001000100001 00011000000000110
01110001000100001 00000100010101011
01110001000100010 00000100010101010
01110100010001000 00000101010100010
01110100010001010 00000101010100001
01110000100001001 00001100000000011
01110000100001010 00001100000000010
01110000100010010 00001100000000011
01110000100010011 00001100000000010
01110000100011100 00001100000000000
01110000100011100 00001100000000010
01110000100011100 00001100001000000
01110100000011100 00001001011000000
01111001000100000 00001000000000111
01111001000100001 00001000000000110
0111001000100000 0001000000000111
0111001000100001 0001000000000110
01110010001000100 00010000000001010
01110010001100000 00010000000010010
01110010000100000 00011000000000111
01110010000100001 00011000000000110
01100100010000001 00100000000011011
01100100010000010 00100000000011010
011001000100000 001000000000111
011001000100001 001000000000110
01100100010001001 00100000000010011
01100100010001010 00100000000010010
0110010001000100 0010000000001010
01100100011000001 00100000000100011
01100100011000010 00100000000100010
0110010001100000 0010000000010010
01100100011000001 00100000000101011
01100100011000010 00100000000101010
01100111000100000 00100000000000111
01100111000100001 00100000000000110
01100111000100000 00100000010000111
01100111000100001 00100000010000110
01100111000000100 00100000011010011
01100111000000101 00100000011010010
01100111000100000 00101000000000111
01100111000100001 00101000000000110
01101010000100000 00101000000000111
01101010000100001 00101000000000110
01100001000100011 00110101010001000
0110010000100000 0011000000000111
0110010000100001 0011000000000110
01100100001000100 00110000000001010
01100100001100000 00110000000010010
01100000100001001 00111100000000011
01100000100001010 00111100000000010
01100000100010010 00111100000000011
01100000100010011 00111100000000010
01100000100011100 00111100000000000
01100000100011100 00111100000000010
01100000100011100 00111100001000000
01100100000011100 00111001011000000
01101001000100000 00111000000000111
01101001000100001 00111000000000110
01110000100001001 00101100000000011
01110000100001010 00101100000000010
01110000100010010 00101100000000011
01110000100010011 00101100000000010
01110000100011100 00101100000000000
01110000100011100 00101100000000010
01110000100011100 00101100001000000
01110100000011100 00101001011000000
01111001000100000 00101000000000111
01111001000100001 00101000000000110
01110010000100000 00111000000000111
01110010000100001 00111000000000110
01000011000010000 01000100000000111
01000011000010001 01000100000000110
0100001100001001 0100010000000011
0100001100001010 0100010000000010
0100001100010010 0100010000000011
0100001100010011 0100010000000010
0100001100011100 0100010000000000
01000011000111000 01000100000000010
0100001100011100 0100010000000010
01000011000111000 01000100000000110
0100001100011100 0100010001000000
01000011000111000 01000100010000010
01000111000100000 01001000000000111
01000111000100001 01001000000000110
0100111000100000 0100000000000111
0100111000100001 0100000000000110
01001110001000100 01000000000001010
01001110001100000 01000000000010010
0100111000100000 0100000010000111
0100111000100001 0100000010000110
01001110001000100 01000000100001010
01001110001100000 01000000100010010
0100111000000100 0100000011010011
0100111000000101 0100000011010010
01001110000001100 01000000110100010
01001010000100000 01001000000000111
01001010000100001 01001000000000110
01000001100001001 01010010000000011
01000001100001010 01010010000000010
01000001100010010 01010010000000011
01000001100010011 01010010000000010
01000001100011100 01010010000000000
01000001100011100 01010010000000010
01000001100011100 01010010001000000
01000011000010000 01010100000000111
01000011000010001 01010100000000110
0100001100001001 0101010000000011
0100001100001010 0101010000000010
0100001100010010 0101010000000011
0100001100010011 0101010000000010
0100001100011100 0101010000000000
01000011000111000 01010100000000010
0100001100011100 0101010000000010
01000011000111000 01010100000000110
0100001100011100 0101010001000000
01000011000111000 01010100010000010
01000100010001100 01010001010100010
01000100010001011 01010001010101000
01000100000100011 01010101010001000
01000100010000011 01010101000101000
01000100010001011 01010101000100000
010001000100011 010101010001000
01000100010001011 01010101000101000
01000100010110010 01010101000000011
01000100010110011 01010101000000010
0100010001011000 0101010100000010
0100010001011000 0101010100000011
0100010001011001 0101010100000010
0100010001011010 0101010100000001
0100010001011100 0101010100000001
01000100010111010 01010101000000000
01000100010111010 01010101000000010
01000100010111100 01010101000000010
01000100011000100 01010101000000011
01000100011000101 01010101000000010
01000101001100000 01010100000000111
01000101001100001 01010100000000110
0100010100110000 0101010000000111
0100010100110001 0101010000000110
01000101001100100 01010100000001010
0100010100110100 0101010000000011
0100010100110101 0101010000000010
01000101001101000 01010100000001011
01000101001101001 01010100000001010
01000101000100011 01010100010001000
01000101000100011 01010101010001000
01000001000010000 01011000000000111
01000001000010001 01011000000000110
0100000100001001 0101100000000011
0100000100001010 0101100000000010
0100000100010010 0101100000000011
0100000100010011 0101100000000010
0100000100011100 0101100000000000
01000001000111000 01011000000000010
0100000100011100 0101100000000010
01000001000111000 01011000000000110
0100000100011100 0101100001000000
01000001000111000 01011000010000010
01000001010000100 01011000000010011
01000001010000101 01011000000010010
01000010000100000 01011000000000111
01000010000100001 01011000000000110
01000000100001001 01011100000000011
01000000100001010 01011100000000010
01000000100010010 01011100000000011
01000000100010011 01011100000000010
01000000100011100 01011100000000000
01000000100011100 01011100000000010
01000000100011100 01011100001000000
01000100000011100 01011001011000000
01000111000100000 01011000000000111
01000111000100001 01011000000000110
01001000010100000 01010010000000111
01001000010100001 01010010000000110
0100100000011100 0101001011000000
01001000000111000 01010010110000010
01001000100001001 01010100000000011
01001000100001010 01010100000000010
01001000100010010 01010100000000011
01001000100010011 01010100000000010
01001000100011100 01010100000000000
01001000100011100 01010100000000010
01001000100011100 01010100001000000
01001100000011100 01010001011000000
01001100010001000 01010001010100010
01001100010001010 01010001010100001
0100111000100000 0101000000000111
0100111000100001 0101000000000110
01001110001000100 01010000000001010
01001110001100000 01010000000010010
01001001000100000 01011000000000111
01001001000100001 01011000000000110
01010000100000000 01000000000110111
01010000100000001 01000000000110110
0101000010000001 0100000000011011
01010000100000100 01000000000110011
01010000100000101 01000000000110010
0101000010000010 0100000000011010
01010000100000 01000000000111
01010000100001 01000000000110
01010000100010000 01000000000100111
01010000100010001 01000000000100110
0101000010001001 0100000000010011
01010000100010100 01000000000100011
01010000100010101 01000000000100010
0101000010001010 0100000000010010
010100001000100 010000000001010
01010000100100000 01000000000000111
01010000100100001 01000000000000110
01010000110000000 01000000001000111
01010000110000001 01000000001000110
0101000011000001 0100000000100011
01010000110000100 01000000001000011
01010000110000101 01000000001000010
0101000011000010 0100000000100010
010100001100000 010000000010010
01010000110000000 01000000001010111
01010000110000001 01000000001010110
0101000011000001 0100000000101011
01010000110000100 01000000001010011
01010000110000101 01000000001010010
0101000011000010 0100000000101010
01010000111000000 01000000000000111
01010000111000001 01000000000000110
01010000111000000 01000000000010111
01010000111000001 01000000000010110
01010001000100000 01000010000000111
01010001000100001 01000010000000110
01010100000100000 01000010000000111
01010100000100001 01000010000000110
01010111000100000 01000000000000111
01010111000100001 01000000000000110
01010111000100000 01000000010000111
01010111000100001 01000000010000110
01010111000000100 01000000011010011
01010111000000101 01000000011010010
01010001000010000 01001000000000111
01010001000010001 01001000000000110
0101000100001001 0100100000000011
0101000100001010 0100100000000010
0101000100010010 0100100000000011
0101000100010011 0100100000000010
0101000100011100 0100100000000000
01010001000111000 01001000000000010
0101000100011100 0100100000000010
01010001000111000 01001000000000110
0101000100011100 0100100001000000
01010001000111000 01001000010000010
01010001010000100 01001000000010011
01010001010000101 01001000000010010
01010010000100000 01001000000000111
01010010000100001 01001000000000110
01010000100001001 01001100000000011
01010000100001010 01001100000000010
01010000100010010 01001100000000011
01010000100010011 01001100000000010
01010000100011100 01001100000000000
01010000100011100 01001100000000010
01010000100011100 01001100001000000
01010100000011100 01001001011000000
01011000010100000 01000010000000111
01011000010100001 01000010000000110
0101100000011100 0100001011000000
01011000000111000 01000010110000010
0101100010001000 0100001010100010
0101100010001010 0100001010100001
01011010000100000 01000000000000111
01011010000100001 01000000000000110
01011101000100001 01000000010101011
01011101000100010 01000000010101010
01011001000100000 01001000000000111
01011001000100001 01001000000000110
01010001000100011 01010101010001000
0101010000100000 0101000000000111
0101010000100001 0101000000000110
01010100001000100 01010000000001010
01010100001100000 01010000000010010
01010010000100000 01011000000000111
01010010000100001 01011000000000110
01000001100001001 01100010000000011
01000001100001010 01100010000000010
01000001100010010 01100010000000011
01000001100010011 01100010000000010
01000001100011100 01100010000000000
01000001100011100 01100010000000010
01000001100011100 01100010001000000
01000111000100000 01100000000000111
01000111000100001 01100000000000110
01000111000100000 01100000010000111
01000111000100001 01100000010000110
01000111000000100 01100000011010011
01000111000000101 01100000011010010
01000001100001001 01101010000000011
01000001100001010 01101010000000010
01000001100010010 01101010000000011
01000001100010011 01101010000000010
01000001100011100 01101010000000000
01000001100011100 01101010000000010
01000001100011100 01101010001000000
0100001000100011 0110101010001000
01000010001011000 01101010100000010
01000010001011000 01101010100000011
01000010001011001 01101010100000010
01000010001011010 01101010100000001
01000010001011100 01101010100000001
01000010100110000 01101010000000111
01000010100110001 01101010000000110
01000010100110100 01101010000000011
01000010100110101 01101010000000010
01000000100001001 01101100000000011
01000000100001010 01101100000000010
01000000100010010 01101100000000011
01000000100010011 01101100000000010
01000000100011100 01101100000000000
01000000100011100 01101100000000010
01000000100011100 01101100001000000
01000100000011100 01101001011000000
01000111000100000 01101000000000111
01000111000100001 01101000000000110
01001000010000001 01100000000011011
01001000010000010 01100000000011010
010010000100000 011000000000111
010010000100001 011000000000110
01001000010001001 01100000000010011
01001000010001010 01100000000010010
0100100001000100 0110000000001010
01001000011000001 01100000000100011
01001000011000010 01100000000100010
0100100001100000 0110000000010010
01001000011000001 01100000000101011
01001000011000010 01100000000101010
01001000100001001 01100100000000011
01001000100001010 01100100000000010
01001000100010010 01100100000000011
01001000100010011 01100100000000010
01001000100011100 01100100000000000
01001000100011100 01100100000000010
01001000100011100 01100100001000000
01001100000011100 01100001011000000
01001100010001000 01100001010100010
01001100010001010 01100001010100001
01001010000100000 01101000000000111
01001010000100001 01101000000000110
01000001000010000 01111000000000111
01000001000010001 01111000000000110
0100000100001001 0111100000000011
0100000100001010 0111100000000010
0100000100010010 0111100000000011
0100000100010011 0111100000000010
0100000100011100 0111100000000000
01000001000111000 01111000000000010
0100000100011100 0111100000000010
01000001000111000 01111000000000110
0100000100011100 0111100001000000
01000001000111000 01111000010000010
01000001010000100 01111000000010011
01000001010000101 01111000000010010
01000010000100000 01111000000000111
01000010000100001 01111000000000110
01000000100001001 01111100000000011
01000000100001010 01111100000000010
01000000100010010 01111100000000011
01000000100010011 01111100000000010
01000000100011100 01111100000000000
01000000100011100 01111100000000010
01000000100011100 01111100001000000
01000100000011100 01111001011000000
01001000010100000 01110010000000111
01001000010100001 01110010000000110
0100100000011100 0111001011000000
01001000000111000 01110010110000010
01001001000100000 01111000000000111
01001001000100001 01111000000000110
01010100010001100 01100001010100010
01010100010001011 01100001010101000
01010000100001001 01101100000000011
01010000100001010 01101100000000010
01010000100010010 01101100000000011
01010000100010011 01101100000000010
01010000100011100 01101100000000000
01010000100011100 01101100000000010
01010000100011100 01101100001000000
01010100000011100 01101001011000000
01011001000100000 01101000000000111
01011001000100001 01101000000000110
0101001000100000 0111000000000111
0101001000100001 0111000000000110
01010010001000100 01110000000001010
01010010001100000 01110000000010010
01010010000100000 01111000000000111
01010010000100001 01111000000000110
01100111000100000 01000000000000111
01100111000100001 01000000000000110
01100111000100000 01000000010000111
01100111000100001 01000000010000110
01100111000000100 01000000011010011
01100111000000101 01000000011010010
01100111000100000 01001000000000111
01100111000100001 01001000000000110
01101010000100000 01001000000000111
01101010000100001 01001000000000110
01100001000010000 01011000000000111
01100001000010001 01011000000000110
0110000100001001 0101100000000011
0110000100001010 0101100000000010
0110000100010010 0101100000000011
0110000100010011 0101100000000010
0110000100011100 0101100000000000
01100001000111000 01011000000000010
0110000100011100 0101100000000010
01100001000111000 01011000000000110
0110000100011100 0101100001000000
01100001000111000 01011000010000010
01100001010000100 01011000000010011
01100001010000101 01011000000010010
01100010000100000 01011000000000111
01100010000100001 01011000000000110
01100000100001001 01011100000000011
01100000100001010 01011100000000010
01100000100010010 01011100000000011
01100000100010011 01011100000000010
01100000100011100 01011100000000000
01100000100011100 01011100000000010
01100000100011100 01011100001000000
01100100000011100 01011001011000000
01101000010100000 01010010000000111
01101000010100001 01010010000000110
0110100000011100 0101001011000000
01101000000111000 01010010110000010
01101001000100000 01011000000000111
01101001000100001 01011000000000110
01110001000100001 01000100010101011
01110001000100010 01000100010101010
01110100010001000 01000101010100010
01110100010001010 01000101010100001
01110000100001001 01001100000000011
01110000100001010 01001100000000010
01110000100010010 01001100000000011
01110000100010011 01001100000000010
01110000100011100 01001100000000000
01110000100011100 01001100000000010
01110000100011100 01001100001000000
01110100000011100 01001001011000000
01111001000100000 01001000000000111
01111001000100001 01001000000000110
0111001000100000 0101000000000111
0111001000100001 0101000000000110
01110010001000100 01010000000001010
01110010001100000 01010000000010010
01110010000100000 01011000000000111
01110010000100001 01011000000000110
01100111000100000 01100000000000111
01100111000100001 01100000000000110
01100111000100000 01100000010000111
01100111000100001 01100000010000110
01100111000000100 01100000011010011
01100111000000101 01100000011010010
01100111000100000 01101000000000111
01100111000100001 01101000000000110
01101010000100000 01101000000000111
01101010000100001 01101000000000110
01100001000100011 01110101010001000
0110010000100000 0111000000000111
0110010000100001 0111000000000110
01100100001000100 01110000000001010
01100100001100000 01110000000010010
01100000100001001 01111100000000011
01100000100001010 01111100000000010
01100000100010010 01111100000000011
01100000100010011 01111100000000010
01100000100011100 01111100000000000
01100000100011100 01111100000000010
01100000100011100 01111100001000000
01100100000011100 01111001011000000
01101001000100000 01111000000000111
01101001000100001 01111000000000110
01110000100001001 01101100000000011
01110000100001010 01101100000000010
01110000100010010 01101100000000011
01110000100010011 01101100000000010
01110000100011100 01101100000000000
01110000100011100 01101100000000010
01110000100011100 01101100001000000
01110100000011100 01101001011000000
01111001000100000 01101000000000111
01111001000100001 01101000000000110
01110010000100000 01111000000000111
01110010000100001 01111000000000110
00000111000100000 10000000000000111
00000111000100001 10000000000000110
00000111000100000 10000000010000111
00000111000100001 10000000010000110
00000111000000100 10000000011010011
00000111000000101 10000000011010010
00000111000100000 10001000000000111
00000111000100001 10001000000000110
0000111000100000 1000000000000111
0000111000100001 1000000000000110
00001110001000100 10000000000001010
00001110001100000 10000000000010010
0000111000100000 1000000010000111
0000111000100001 1000000010000110
00001110001000100 10000000100001010
00001110001100000 10000000100010010
0000111000000100 1000000011010011
0000111000000101 1000000011010010
00001110000001100 10000000110100010
00001010000100000 10001000000000111
00001010000100001 10001000000000110
00000001100001001 10010010000000011
00000001100001010 10010010000000010
00000001100010010 10010010000000011
00000001100010011 10010010000000010
00000001100011100 10010010000000000
00000001100011100 10010010000000010
00000001100011100 10010010001000000
00000100010001100 10010001010100010
00000100010001011 10010001010101000
00000111000100000 10010000000000111
00000111000100001 10010000000000110
00000111000100000 10010000010000111
00000111000100001 10010000010000110
00000111000000100 10010000011010011
00000111000000101 10010000011010010
00000000100001001 10011100000000011
00000000100001010 10011100000000010
00000000100010010 10011100000000011
00000000100010011 10011100000000010
00000000100011100 10011100000000000
00000000100011100 10011100000000010
00000000100011100 10011100001000000
00000100000011100 10011001011000000
00000111000100000 10011000000000111
00000111000100001 10011000000000110
00001000100001001 10010100000000011
00001000100001010 10010100000000010
00001000100010010 10010100000000011
00001000100010011 10010100000000010
00001000100011100 10010100000000000
00001000100011100 10010100000000010
00001000100011100 10010100001000000
00001100000011100 10010001011000000
00001100010001000 10010001010100010
00001100010001010 10010001010100001
0000111000100000 1001000000000111
0000111000100001 1001000000000110
00001110001000100 10010000000001010
00001110001100000 10010000000010010
00001001000100000 10011000000000111
00001001000100001 10011000000000110
00010000100001001 10001100000000011
00010000100001010 10001100000000010
00010000100010010 10001100000000011
00010000100010011 10001100000000010
00010000100011100 10001100000000000
00010000100011100 10001100000000010
00010000100011100 10001100001000000
00010100000011100 10001001011000000
00011100010000001 10000000000011011
00011100010000010 10000000000011010
000111000100000 100000000000111
000111000100001 100000000000110
00011100010001001 10000000000010011
00011100010001010 10000000000010010
0001110001000100 1000000000001010
00011100011000001 10000000000100011
00011100011000010 10000000000100010
0001110001100000 1000000000010010
00011100011000001 10000000000101011
00011100011000010 10000000000101010
00011100010000001 10000001000011011
00011100010000010 10000001000011010
000111000100000 100000010000111
000111000100001 100000010000110
00011100010001001 10000001000010011
00011100010001010 10000001000010010
0001110001000100 1000000100001010
00011100011000001 10000001000100011
00011100011000010 10000001000100010
0001110001100000 1000000100010010
00011100011000001 10000001000101011
00011100011000010 10000001000101010
00011100000010001 10000001101001011
00011100000010010 10000001101001010
000111000000100 100000011010011
000111000000101 100000011010010
00011100000011001 10000001101000011
00011100000011010 10000001101000010
0001110000001100 1000000110100010
00011001000100000 10001000000000111
00011001000100001 10001000000000110
00010001000100011 10010101010001000
0001010000100000 1001000000000111
0001010000100001 1001000000000110
00010100001000100 10010000000001010
00010100001100000 10010000000010010
00010010000100000 10011000000000111
00010010000100001 10011000000000110
00000011000010000 10100100000000111
00000011000010001 10100100000000110
0000001100001001 1010010000000011
0000001100001010 1010010000000010
0000001100010010 1010010000000011
0000001100010011 1010010000000010
0000001100011100 1010010000000000
00000011000111000 10100100000000010
0000001100011100 1010010000000010
00000011000111000 10100100000000110
0000001100011100 1010010001000000
00000011000111000 10100100010000010
00000111000100000 10101000000000111
00000111000100001 10101000000000110
00001000100011001 10100010101000011
00001000100011010 10100010101000010
0000100010001100 1010001010100010
0000100010001011 1010001010101000
00001101000100001 10100000010101011
00001101000100010 10100000010101010
0000111000100000 1010000000000111
0000111000100001 1010000000000110
00001110001000100 10100000000001010
00001110001100000 10100000000010010
0000111000100000 1010000010000111
0000111000100001 1010000010000110
00001110001000100 10100000100001010
00001110001100000 10100000100010010
0000111000000100 1010000011010011
0000111000000101 1010000011010010
00001110000001100 10100000110100010
00001111000100000 10100000000000111
00001111000100001 10100000000000110
00001111000100000 10100000010000111
00001111000100001 10100000010000110
00001111000000100 10100000011010011
00001111000000101 10100000011010010
00001010000100000 10101000000000111
00001010000100001 10101000000000110
00000001000010000 10111000000000111
00000001000010001 10111000000000110
0000000100001001 1011100000000011
0000000100001010 1011100000000010
0000000100010010 1011100000000011
0000000100010011 1011100000000010
0000000100011100 1011100000000000
00000001000111000 10111000000000010
0000000100011100 1011100000000010
00000001000111000 10111000000000110
0000000100011100 1011100001000000
00000001000111000 10111000010000010
00000001010000100 10111000000010011
00000001010000101 10111000000010010
00000010000100000 10111000000000111
00000010000100001 10111000000000110
00000000100001001 10111100000000011
00000000100001010 10111100000000010
00000000100010010 10111100000000011
00000000100010011 10111100000000010
00000000100011100 10111100000000000
00000000100011100 10111100000000010
00000000100011100 10111100001000000
00000100000011100 10111001011000000
00001000010100000 10110010000000111
00001000010100001 10110010000000110
0000100000011100 1011001011000000
00001000000111000 10110010110000010
0000111000100000 1011000000000111
0000111000100001 1011000000000110
00001110001000100 10110000000001010
00001110001100000 10110000000010010
00001001000100000 10111000000000111
00001001000100001 10111000000000110
00010100010001100 10100001010100010
00010100010001011 10100001010101000
00010111000100000 10100000000000111
00010111000100001 10100000000000110
00010111000100000 10100000010000111
00010111000100001 10100000010000110
00010111000000100 10100000011010011
00010111000000101 10100000011010010
00010001000010000 10101000000000111
00010001000010001 10101000000000110
0001000100001001 1010100000000011
0001000100001010 1010100000000010
0001000100010010 1010100000000011
0001000100010011 1010100000000010
0001000100011100 1010100000000000
00010001000111000 10101000000000010
0001000100011100 1010100000000010
00010001000111000 10101000000000110
0001000100011100 1010100001000000
00010001000111000 10101000010000010
00010001010000100 10101000000010011
00010001010000101 10101000000010010
00010010000100000 10101000000000111
00010010000100001 10101000000000110
00010000100001001 10101100000000011
00010000100001010 10101100000000010
00010000100010010 10101100000000011
00010000100010011 10101100000000010
00010000100011100 10101100000000000
00010000100011100 10101100000000010
00010000100011100 10101100001000000
00010100000011100 10101001011000000
00011000010100000 10100010000000111
00011000010100001 10100010000000110
0001100000011100 1010001011000000
00011000000111000 10100010110000010
0001100010001000 1010001010100010
0001100010001010 1010001010100001
00011100010000001 10100000000011011
00011100010000010 10100000000011010
000111000100000 101000000000111
000111000100001 101000000000110
00011100010001001 10100000000010011
00011100010001010 10100000000010010
0001110001000100 1010000000001010
00011100011000001 10100000000100011
00011100011000010 10100000000100010
0001110001100000 1010000000010010
00011100011000001 10100000000101011
00011100011000010 10100000000101010
00011001000100000 10101000000000111
00011001000100001 10101000000000110
0001001000100000 1011000000000111
0001001000100001 1011000000000110
00010010001000100 10110000000001010
00010010001100000 10110000000010010
00010010000100000 10111000000000111
00010010000100001 10111000000000110
00100111000100000 10000000000000111
00100111000100001 10000000000000110
00100111000100000 10000000010000111
00100111000100001 10000000010000110
00100111000000100 10000000011010011
00100111000000101 10000000011010010
00100111000100000 10001000000000111
00100111000100001 10001000000000110
00101010000100000 10001000000000111
00101010000100001 10001000000000110
00100001000010000 10011000000000111
00100001000010001 10011000000000110
0010000100001001 1001100000000011
0010000100001010 1001100000000010
0010000100010010 1001100000000011
0010000100010011 1001100000000010
0010000100011100 1001100000000000
00100001000111000 10011000000000010
0010000100011100 1001100000000010
00100001000111000 10011000000000110
0010000100011100 1001100001000000
00100001000111000 10011000010000010
00100001010000100 10011000000010011
00100001010000101 10011000000010010
00100010000100000 10011000000000111
00100010000100001 10011000000000110
00100000100001001 10011100000000011
00100000100001010 10011100000000010
00100000100010010 10011100000000011
00100000100010011 10011100000000010
00100000100011100 10011100000000000
00100000100011100 10011100000000010
00100000100011100 10011100001000000
00100100000011100 10011001011000000
00101000010100000 10010010000000111
00101000010100001 10010010000000110
0010100000011100 1001001011000000
00101000000111000 10010010110000010
00101001000100000 10011000000000111
00101001000100001 10011000000000110
00110001000100001 10000100010101011
00110001000100010 10000100010101010
00110100010001000 10000101010100010
00110100010001010 10000101010100001
00110000100001001 10001100000000011
00110000100001010 10001100000000010
00110000100010010 10001100000000011
00110000100010011 10001100000000010
00110000100011100 10001100000000000
00110000100011100 10001100000000010
00110000100011100 10001100001000000
00110100000011100 10001001011000000
0011101000100001 1000000010101011
00111010001000100 10000000101010011
00111010001000101 10000000101010010
0011101000100010 1000000010101010
00111001000100000 10001000000000111
00111001000100001 10001000000000110
0011001000100000 1001000000000111
0011001000100001 1001000000000110
00110010001000100 10010000000001010
00110010001100000 10010000000010010
00110010000100000 10011000000000111
00110010000100001 10011000000000110
00100001100001001 10100010000000011
00100001100001010 10100010000000010
00100001100010010 10100010000000011
00100001100010011 10100010000000010
00100001100011100 10100010000000000
00100001100011100 10100010000000010
00100001100011100 10100010001000000
00100111000100000 10100000000000111
00100111000100001 10100000000000110
00100111000100000 10100000010000111
00100111000100001 10100000010000110
00100111000000100 10100000011010011
00100111000000101 10100000011010010
00100001100001001 10101010000000011
00100001100001010 10101010000000010
00100001100010010 10101010000000011
00100001100010011 10101010000000010
00100001100011100 10101010000000000
00100001100011100 10101010000000010
00100001100011100 10101010001000000
0010001000100011 1010101010001000
00100010001011000 10101010100000010
00100010001011000 10101010100000011
00100010001011001 10101010100000010
00100010001011010 10101010100000001
00100010001011100 10101010100000001
00100010100110000 10101010000000111
00100010100110001 10101010000000110
00100010100110100 10101010000000011
00100010100110101 10101010000000010
00100000100001001 10101100000000011
00100000100001010 10101100000000010
00100000100010010 10101100000000011
00100000100010011 10101100000000010
00100000100011100 10101100000000000
00100000100011100 10101100000000010
00100000100011100 10101100001000000
00100100000011100 10101001011000000
00100111000100000 10101000000000111
00100111000100001 10101000000000110
00101000010000001 10100000000011011
00101000010000010 10100000000011010
001010000100000 101000000000111
001010000100001 101000000000110
00101000010001001 10100000000010011
00101000010001010 10100000000010010
0010100001000100 1010000000001010
00101000011000001 10100000000100011
00101000011000010 10100000000100010
0010100001100000 1010000000010010
00101000011000001 10100000000101011
00101000011000010 10100000000101010
00101000100001001 10100100000000011
00101000100001010 10100100000000010
00101000100010010 10100100000000011
00101000100010011 10100100000000010
00101000100011100 10100100000000000
00101000100011100 10100100000000010
00101000100011100 10100100001000000
00101100000011100 10100001011000000
00101100010001000 10100001010100010
00101100010001010 10100001010100001
00101010000100000 10101000000000111
00101010000100001 10101000000000110
00100001000100011 10110101010001000
0010010000100000 1011000000000111
0010010000100001 1011000000000110
00100100001000100 10110000000001010
00100100001100000 10110000000010010
00100000100001001 10111100000000011
00100000100001010 10111100000000010
00100000100010010 10111100000000011
00100000100010011 10111100000000010
00100000100011100 10111100000000000
00100000100011100 10111100000000010
00100000100011100 10111100001000000
00100100000011100 10111001011000000
00101001000100000 10111000000000111
00101001000100001 10111000000000110
00110000100001001 10101100000000011
00110000100001010 10101100000000010
00110000100010010 10101100000000011
00110000100010011 10101100000000010
00110000100011100 10101100000000000
00110000100011100 10101100000000010
00110000100011100 10101100001000000
00110100000011100 10101001011000000
00111001000100000 10101000000000111
00111001000100001 10101000000000110
00110010000100000 10111000000000111
00110010000100001 10111000000000110
00000111000100000 11000000000000111
00000111000100001 11000000000000110
00000111000100000 11000000010000111
00000111000100001 11000000010000110
00000111000000100 11000000011010011
00000111000000101 11000000011010010
00000111000100000 11001000000000111
00000111000100001 11001000000000110
0000111000100000 1100000000000111
0000111000100001 1100000000000110
00001110001000100 11000000000001010
00001110001100000 11000000000010010
0000111000100000 1100000010000111
0000111000100001 1100000010000110
00001110001000100 11000000100001010
00001110001100000 11000000100010010
0000111000000100 1100000011010011
0000111000000101 1100000011010010
00001110000001100 11000000110100010
00001010000100000 11001000000000111
00001010000100001 11001000000000110
00000001100001001 11010010000000011
00000001100001010 11010010000000010
00000001100010010 11010010000000011
00000001100010011 11010010000000010
00000001100011100 11010010000000000
00000001100011100 11010010000000010
00000001100011100 11010010001000000
00000111000100000 11010000000000111
00000111000100001 11010000000000110
00000111000100000 11010000010000111
00000111000100001 11010000010000110
00000111000000100 11010000011010011
00000111000000101 11010000011010010
00000000100001001 11011100000000011
00000000100001010 11011100000000010
00000000100010010 11011100000000011
00000000100010011 11011100000000010
00000000100011100 11011100000000000
00000000100011100 11011100000000010
00000000100011100 11011100001000000
00000100000011100 11011001011000000
00000111000100000 11011000000000111
00000111000100001 11011000000000110
00001000100001001 11010100000000011
00001000100001010 11010100000000010
00001000100010010 11010100000000011
00001000100010011 11010100000000010
00001000100011100 11010100000000000
00001000100011100 11010100000000010
00001000100011100 11010100001000000
00001100000011100 11010001011000000
00001100010001000 11010001010100010
00001100010001010 11010001010100001
0000111000100000 1101000000000111
0000111000100001 1101000000000110
00001110001000100 11010000000001010
00001110001100000 11010000000010010
00001001000100000 11011000000000111
00001001000100001 11011000000000110
00010000100001001 11001100000000011
00010000100001010 11001100000000010
00010000100010010 11001100000000011
00010000100010011 11001100000000010
00010000100011100 11001100000000000
00010000100011100 11001100000000010
00010000100011100 11001100001000000
00010100000011100 11001001011000000
0001101000100001 1100000010101011
00011010001000100 11000000101010011
00011010001000101 11000000101010010
0001101000100010 1100000010101010
00011101000100001 11000000010101011
00011101000100010 11000000010101010
00011001000100000 11001000000000111
00011001000100001 11001000000000110
0001001000100000 1101000000000111
0001001000100001 1101000000000110
00010010001000100 11010000000001010
00010010001100000 11010000000010010
0001010000100000 1101000000000111
0001010000100001 1101000000000110
00010100001000100 11010000000001010
00010100001100000 11010000000010010
00010110010100001 11010000000101011
00010110010100010 11010000000101010
00010010000100000 11011000000000111
00010010000100001 11011000000000110
00000001100001001 11100010000000011
00000001100001010 11100010000000010
00000001100010010 11100010000000011
00000001100010011 11100010000000010
00000001100011100 11100010000000000
00000001100011100 11100010000000010
00000001100011100 11100010001000000
00000011100001001 11100000000000011
00000011100001010 11100000000000010
00000011100010010 11100000000000011
00000011100010011 11100000000000010
00000011100011100 11100000000000000
00000011100011100 11100000000000010
00000011100011100 11100000001000000
0000010000000100 1110000000010011
0000010000000101 1110000000010010
00000100000001100 11100000000100010
00000100000100100 11100000001000011
00000100000100101 11100000001000010
00000100000101001 11100000001000011
00000100000101010 11100000001000010
00000100001000001 11100000000011011
00000100001000010 11100000000011010
000001000010000 111000000000111
000001000010001 111000000000110
00000100001001001 11100000000010011
00000100001001010 11100000000010010
0000010000100100 1110000000001010
00000100001001 11100000000011
00000100001011001 11100000000000011
00000100001011010 11100000000000010
00000100001010 11100000000010
00000100000011100 11100000011000000
00000100010010010 11100000000010011
00000100010010011 11100000000010010
0000010001001000 1110000000001011
0000010001001001 1110000000001010
00000100010010 11100000000011
00000100010011 11100000000010
0000010001000100 1110000000010011
0000010001000101 1110000000010010
00000100010001100 11100000000100010
00000100010001001 11100000001000011
00000100010001010 11100000001000010
00000100010010010 11100000001000011
00000100010010011 11100000001000010
00000100010011100 11100000001000000
00000100010011100 11100000001000010
00000100011100 11100000000000
000001000111000 111000000000010
00000100011101001 11100000000000011
00000100011101010 11100000000000010
0000010001110100 1110000000000010
00000100011101100 11100000000000000
00000100011101100 11100000000000010
00000100011100 11100000000010
000001000111000 111000000000110
0000010001111000 1110000000000010
00000100011110000 11100000000010010
00000100100001001 11100000000000011
00000100100001010 11100000000000010
00000100100010010 11100000000000011
00000100100010011 11100000000000010
00000100100011100 11100000000000000
00000100100011100 11100000000000010
00000100100011100 11100000001000000
00000100000011100 11100001011000000
00000100011100 11100001000000
000001000111000 111000010000010
00000100011101001 11100001000000011
00000100011101010 11100001000000010
0000010001110100 1110000100000010
00000100011101100 11100001000000000
00000100011101100 11100001000000010
0000010001111000 1110000100000010
00000101000010001 11100000001001011
00000101000010010 11100000001001010
000001010000100 111000000010011
000001010000101 111000000010010
00000101000011001 11100000001000011
00000101000011010 11100000001000010
0000010100001100 1110000000100010
00000110010100001 11100000000101011
00000110010100010 11100000000101010
00000111000100000 11100000000000111
00000111000100001 11100000000000110
00000111000100000 11100000010000111
00000111000100001 11100000010000110
00000111000000100 11100000011010011
00000111000000101 11100000011010010
00000001100001001 11101010000000011
00000001100001010 11101010000000010
00000001100010010 11101010000000011
00000001100010011 11101010000000010
00000001100011100 11101010000000000
00000001100011100 11101010000000010
00000001100011100 11101010001000000
00000011100001001 11101000000000011
00000011100001010 11101000000000010
00000011100010010 11101000000000011
00000011100010011 11101000000000010
00000011100011100 11101000000000000
00000011100011100 11101000000000010
00000011100011100 11101000001000000
00000000100001001 11101100000000011
00000000100001010 11101100000000010
00000000100010010 11101100000000011
00000000100010011 11101100000000010
00000000100011100 11101100000000000
00000000100011100 11101100000000010
00000000100011100 11101100001000000
00000100000011100 11101001011000000
00000111000100000 11101000000000111
00000111000100001 11101000000000110
00001000010000001 11100000000011011
00001000010000010 11100000000011010
000010000100000 111000000000111
000010000100001 111000000000110
00001000010001001 11100000000010011
00001000010001010 11100000000010010
0000100001000100 1110000000001010
00001000011000001 11100000000100011
00001000011000010 11100000000100010
0000100001100000 1110000000010010
00001000011000001 11100000000101011
00001000011000010 11100000000101010
00001000100001001 11100100000000011
00001000100001010 11100100000000010
00001000100010010 11100100000000011
00001000100010011 11100100000000010
00001000100011100 11100100000000000
00001000100011100 11100100000000010
00001000100011100 11100100001000000
0000110010100001 1110000000101011
00001100101000100 11100000001010011
00001100101000101 11100000001010010
0000110010100010 1110000000101010
00001100000011100 11100001011000000
00001100010001000 11100001010100010
00001100010001010 11100001010100001
00001101000100001 11100000010101011
00001101000100010 11100000010101010
00001001000100000 11101000000000111
00001001000100001 11101000000000110
00001010000100000 11101000000000111
00001010000100001 11101000000000110
00000010000000100 11110000000010011
00000010000000101 11110000000010010
0000001000010000 1111000000000111
0000001000010001 1111000000000110
00000010000100100 11110000000001010
000000100001001 111100000000011
000000100001010 111100000000010
00000010001001000 11110000000001011
00000010001001001 11110000000001010
000000100010010 111100000000011
000000100010011 111100000000010
00000010001000100 11110000000010011
00000010001000101 11110000000010010
000000100011100 111100000000000
0000001000111000 1111000000000010
00000010001110100 11110000000000010
000000100011100 111100000000010
0000001000111000 1111000000000110
00000010001111000 11110000000000010
000000100011100 111100001000000
0000001000111000 1111000010000010
00000010001110100 11110000100000010
00000010001111000 11110000100000010
0000001010000100 1111000000010011
0000001010000101 1111000000010010
00000010100001100 11110000000100010
0000010000100000 1111000000000111
0000010000100001 1111000000000110
00000100001000100 11110000000001010
00000100001100000 11110000000010010
00000110010100001 11110000000101011
00000110010100010 11110000000101010
00000001000010000 11111000000000111
00000001000010001 11111000000000110
0000000100001001 1111100000000011
0000000100001010 1111100000000010
0000000100010010 1111100000000011
0000000100010011 1111100000000010
0000000100011100 1111100000000000
00000001000111000 11111000000000010
0000000100011100 1111100000000010
00000001000111000 11111000000000110
0000000100011100 1111100001000000
00000001000111000 11111000010000010
00000001010000100 11111000000010011
00000001010000101 11111000000010010
00000010000100000 11111000000000111
00000010000100001 11111000000000110
00000000100001001 11111100000000011
00000000100001010 11111100000000010
00000000100010010 11111100000000011
00000000100010011 11111100000000010
00000000100011100 11111100000000000
00000000100011100 11111100000000010
00000000100011100 11111100001000000
00000100000011100 11111001011000000
00001000010100000 11110010000000111
00001000010100001 11110010000000110
0000100000011100 1111001011000000
00001000000111000 11110010110000010
00001001000100000 11111000000000111
00001001000100001 11111000000000110
00010000000100000 11100100000000111
00010000000100001 11100100000000110
0001000010100000 1110010000000111
0001000010100001 1110010000000110
00010000101000100 11100100000001010
000100000011100 111001011000000
0001000000111000 1110010110000010
00010000001110100 11100101100000010
00010000001111000 11100101100000010
00010001000100000 11100100000000111
00010001000100001 11100100000000110
00010001000100011 11100101010001000
00010100010001100 11100001010100010
00010100010001011 11100001010101000
00010110010100001 11100000000101011
00010110010100010 11100000000101010
00010000100001001 11101100000000011
00010000100001010 11101100000000010
00010000100010010 11101100000000011
00010000100010011 11101100000000010
00010000100011100 11101100000000000
00010000100011100 11101100000000010
00010000100011100 11101100001000000
00010100000011100 11101001011000000
00011001000100000 11101000000000111
00011001000100001 11101000000000110
0001001000100000 1111000000000111
0001001000100001 1111000000000110
00010010001000100 11110000000001010
00010010001100000 11110000000010010
00010010000100000 11111000000000111
00010010000100001 11111000000000110
00100001100001001 11000010000000011
00100001100001010 11000010000000010
00100001100010010 11000010000000011
00100001100010011 11000010000000010
00100001100011100 11000010000000000
00100001100011100 11000010000000010
00100001100011100 11000010001000000
00100011000100001 11000000010101011
00100011000100010 11000000010101010
00100100000100000 11000010000000111
00100100000100001 11000010000000110
00100111000100000 11000000000000111
00100111000100001 11000000000000110
00100111000100000 11000000010000111
00100111000100001 11000000010000110
00100111000000100 11000000011010011
00100111000000101 11000000011010010
0010000000100000 1100100000000111
0010000000100001 1100100000000110
00100000001000100 11001000000001010
00100000001100000 11001000000010010
00100001010000001 11001000000011011
00100001010000010 11001000000011010
001000010100000 110010000000111
001000010100001 110010000000110
00100001010001001 11001000000010011
00100001010001010 11001000000010010
0010000101000100 1100100000001010
00100000000011100 11001011011000000
00100000011100 11001011000000
001000000111000 110010110000010
00100000011101001 11001011000000011
00100000011101010 11001011000000010
0010000001110100 1100101100000010
00100000011101100 11001011000000000
00100000011101100 11001011000000010
0010000001111000 1100101100000010
00100001100001001 11001010000000011
00100001100001010 11001010000000010
00100001100010010 11001010000000011
00100001100010011 11001010000000010
00100001100011100 11001010000000000
00100001100011100 11001010000000010
00100001100011100 11001010001000000
0010001000100000 1100100000000111
0010001000100001 1100100000000110
00100010001000100 11001000000001010
00100010001100000 11001000000010010
0010001000100011 1100101010001000
00100010001011000 11001010100000010
00100010001011000 11001010100000011
00100010001011001 11001010100000010
00100010001011010 11001010100000001
00100010001011100 11001010100000001
00100010100110000 11001010000000111
00100010100110001 11001010000000110
00100010100110100 11001010000000011
00100010100110101 11001010000000010
00100000100001001 11001100000000011
00100000100001010 11001100000000010
00100000100010010 11001100000000011
00100000100010011 11001100000000010
00100000100011100 11001100000000000
00100000100011100 11001100000000010
00100000100011100 11001100001000000
00100100000011100 11001001011000000
00100111000100000 11001000000000111
00100111000100001 11001000000000110
00101000100011001 11000010101000011
00101000100011010 11000010101000010
0010100010001100 1100001010100010
0010100010001011 1100001010101000
00101000100001001 11000100000000011
00101000100001010 11000100000000010
00101000100010010 11000100000000011
00101000100010011 11000100000000010
00101000100011100 11000100000000000
00101000100011100 11000100000000010
00101000100011100 11000100001000000
0010110010100001 1100000000101011
00101100101000100 11000000001010011
00101100101000101 11000000001010010
0010110010100010 1100000000101010
00101100000011100 11000001011000000
00101100010001000 11000001010100010
00101100010001010 11000001010100001
00101101000100001 11000000010101011
00101101000100010 11000000010101010
00101010000100000 11001000000000111
00101010000100001 11001000000000110
00100001000010000 11011000000000111
00100001000010001 11011000000000110
0010000100001001 1101100000000011
0010000100001010 1101100000000010
0010000100010010 1101100000000011
0010000100010011 1101100000000010
0010000100011100 1101100000000000
00100001000111000 11011000000000010
0010000100011100 1101100000000010
00100001000111000 11011000000000110
0010000100011100 1101100001000000
00100001000111000 11011000010000010
00100001010000100 11011000000010011
00100001010000101 11011000000010010
00100010000100000 11011000000000111
00100010000100001 11011000000000110
00100000100001001 11011100000000011
00100000100001010 11011100000000010
00100000100010010 11011100000000011
00100000100010011 11011100000000010
00100000100011100 11011100000000000
00100000100011100 11011100000000010
00100000100011100 11011100001000000
00100100000011100 11011001011000000
00101000010100000 11010010000000111
00101000010100001 11010010000000110
0010100000011100 1101001011000000
00101000000111000 11010010110000010
00101001000100000 11011000000000111
00101001000100001 11011000000000110
00110001000100001 11000100010101011
00110001000100010 11000100010101010
00110100010001000 11000101010100010
00110100010001010 11000101010100001
00110000100001001 11001100000000011
00110000100001010 11001100000000010
00110000100010010 11001100000000011
00110000100010011 11001100000000010
00110000100011100 11001100000000000
00110000100011100 11001100000000010
00110000100011100 11001100001000000
00110100000011100 11001001011000000
00111001000100000 11001000000000111
00111001000100001 11001000000000110
0011001000100000 1101000000000111
0011001000100001 1101000000000110
00110010001000100 11010000000001010
00110010001100000 11010000000010010
00110010000100000 11011000000000111
00110010000100001 11011000000000110
00100100010000001 11100000000011011
00100100010000010 11100000000011010
001001000100000 111000000000111
001001000100001 111000000000110
00100100010001001 11100000000010011
00100100010001010 11100000000010010
0010010001000100 1110000000001010
00100100011000001 11100000000100011
00100100011000010 11100000000100010
0010010001100000 1110000000010010
00100100011000001 11100000000101011
00100100011000010 11100000000101010
00100111000100000 11100000000000111
00100111000100001 11100000000000110
00100111000100000 11100000010000111
00100111000100001 11100000010000110
00100111000000100 11100000011010011
00100111000000101 11100000011010010
00100111000100000 11101000000000111
00100111000100001 11101000000000110
00101010000100000 11101000000000111
00101010000100001 11101000000000110
00100001000100011 11110101010001000
0010010000100000 1111000000000111
0010010000100001 1111000000000110
00100100001000100 11110000000001010
00100100001100000 11110000000010010
00100000100001001 11111100000000011
00100000100001010 11111100000000010
00100000100010010 11111100000000011
00100000100010011 11111100000000010
00100000100011100 11111100000000000
00100000100011100 11111100000000010
00100000100011100 11111100001000000
00100100000011100 11111001011000000
00101001000100000 11111000000000111
00101001000100001 11111000000000110
00110000100001001 11101100000000011
00110000100001010 11101100000000010
00110000100010010 11101100000000011
00110000100010011 11101100000000010
00110000100011100 11101100000000000
00110000100011100 11101100000000010
00110000100011100 11101100001000000
00110100000011100 11101001011000000
00111001000100000 11101000000000111
00111001000100001 11101000000000110
00110010000100000 11111000000000111
00110010000100001 11111000000000110
01000111000100000 10000000000000111
01000111000100001 10000000000000110
01000111000100000 10000000010000111
01000111000100001 10000000010000110
01000111000000100 10000000011010011
01000111000000101 10000000011010010
01000111000100000 10001000000000111
01000111000100001 10001000000000110
0100111000100000 1000000000000111
0100111000100001 1000000000000110
01001110001000100 10000000000001010
01001110001100000 10000000000010010
0100111000100000 1000000010000111
0100111000100001 1000000010000110
01001110001000100 10000000100001010
01001110001100000 10000000100010010
0100111000000100 1000000011010011
0100111000000101 1000000011010010
01001110000001100 10000000110100010
01001010000100000 10001000000000111
01001010000100001 10001000000000110
01000001100001001 10010010000000011
01000001100001010 10010010000000010
01000001100010010 10010010000000011
01000001100010011 10010010000000010
01000001100011100 10010010000000000
01000001100011100 10010010000000010
01000001100011100 10010010001000000
01000100010001100 10010001010100010
01000100010001011 10010001010101000
01000111000100000 10010000000000111
01000111000100001 10010000000000110
01000111000100000 10010000010000111
01000111000100001 10010000010000110
01000111000000100 10010000011010011
01000111000000101 10010000011010010
01000000100001001 10011100000000011
01000000100001010 10011100000000010
01000000100010010 10011100000000011
01000000100010011 10011100000000010
01000000100011100 10011100000000000
01000000100011100 10011100000000010
01000000100011100 10011100001000000
01000100000011100 10011001011000000
01000111000100000 10011000000000111
01000111000100001 10011000000000110
01001000100001001 10010100000000011
01001000100001010 10010100000000010
01001000100010010 10010100000000011
01001000100010011 10010100000000010
01001000100011100 10010100000000000
01001000100011100 10010100000000010
01001000100011100 10010100001000000
01001100000011100 10010001011000000
01001100010001000 10010001010100010
01001100010001010 10010001010100001
0100111000100000 1001000000000111
0100111000100001 1001000000000110
01001110001000100 10010000000001010
01001110001100000 10010000000010010
01001001000100000 10011000000000111
01001001000100001 10011000000000110
01010000010001100 10000101010100010
01010000010001011 10000101010101000
01010001010001100 10000100010100010
01010001010001011 10000100010101000
01010001000110000 10000101010000111
01010001000110001 10000101010000110
0101000100011001 1000010101000011
01010001000110100 10000101010000011
01010001000110101 10000101010000010
0101000100011010 1000010101000010
010100010001100 100001010100010
01010001000100011 10000101010101000
01010001000101011 10000101010100000
010100010001011 100001010101000
01010001000101011 10000101010101000
01010001010001100 10000101010100010
01010001010001011 10000101010101000
01010000100001001 10001100000000011
01010000100001010 10001100000000010
01010000100010010 10001100000000011
01010000100010011 10001100000000010
01010000100011100 10001100000000000
01010000100011100 10001100000000010
01010000100011100 10001100001000000
01010100000011100 10001001011000000
0101101000100001 1000000010101011
01011010001000100 10000000101010011
01011010001000101 10000000101010010
0101101000100010 1000000010101010
01011001000100000 10001000000000111
01011001000100001 10001000000000110
01010001000100011 10010101010001000
0101010000100000 1001000000000111
0101010000100001 1001000000000110
01010100001000100 10010000000001010
01010100001100000 10010000000010010
01010010000100000 10011000000000111
01010010000100001 10011000000000110
01000111000100000 10100000000000111
01000111000100001 10100000000000110
01000111000100000 10100000010000111
01000111000100001 10100000010000110
01000111000000100 10100000011010011
01000111000000101 10100000011010010
01000111000100000 10101000000000111
01000111000100001 10101000000000110
01001101000100001 10100000010101011
01001101000100010 10100000010101010
01001001000100000 10101000000000111
01001001000100001 10101000000000110
01001010000100000 10101000000000111
01001010000100001 10101000000000110
01000010000000100 10110000000010011
01000010000000101 10110000000010010
0100001000010000 1011000000000111
0100001000010001 1011000000000110
01000010000100100 10110000000001010
010000100001001 101100000000011
010000100001010 101100000000010
01000010001001000 10110000000001011
01000010001001001 10110000000001010
010000100010010 101100000000011
010000100010011 101100000000010
01000010001000100 10110000000010011
01000010001000101 10110000000010010
010000100011100 101100000000000
0100001000111000 1011000000000010
01000010001110100 10110000000000010
010000100011100 101100000000010
0100001000111000 1011000000000110
01000010001111000 10110000000000010
010000100011100 101100001000000
0100001000111000 1011000010000010
01000010001110100 10110000100000010
01000010001111000 10110000100000010
0100001010000100 1011000000010011
0100001010000101 1011000000010010
01000010100001100 10110000000100010
0100010000100000 1011000000000111
0100010000100001 1011000000000110
01000100001000100 10110000000001010
01000100001100000 10110000000010010
01000110010100001 10110000000101011
01000110010100010 10110000000101010
01000001000010000 10111000000000111
01000001000010001 10111000000000110
0100000100001001 1011100000000011
0100000100001010 1011100000000010
0100000100010010 1011100000000011
0100000100010011 1011100000000010
0100000100011100 1011100000000000
01000001000111000 10111000000000010
0100000100011100 1011100000000010
01000001000111000 10111000000000110
0100000100011100 1011100001000000
01000001000111000 10111000010000010
01000001010000100 10111000000010011
01000001010000101 10111000000010010
01000010000100000 10111000000000111
01000010000100001 10111000000000110
01000000100001001 10111100000000011
01000000100001010 10111100000000010
01000000100010010 10111100000000011
01000000100010011 10111100000000010
01000000100011100 10111100000000000
01000000100011100 10111100000000010
01000000100011100 10111100001000000
01000100000011100 10111001011000000
01001000010100000 10110010000000111
01001000010100001 10110010000000110
0100100000011100 1011001011000000
01001000000111000 10110010110000010
01001001000100000 10111000000000111
01001001000100001 10111000000000110
01010000000100000 10100100000000111
01010000000100001 10100100000000110
0101000010100000 1010010000000111
0101000010100001 1010010000000110
01010000101000100 10100100000001010
010100000011100 101001011000000
0101000000111000 1010010110000010
01010000001110100 10100101100000010
01010000001111000 10100101100000010
01010001000100000 10100100000000111
01010001000100001 10100100000000110
01010001000100011 10100101010001000
01010100010001100 10100001010100010
01010100010001011 10100001010101000
01010110010100001 10100000000101011
01010110010100010 10100000000101010
01010000100001001 10101100000000011
01010000100001010 10101100000000010
01010000100010010 10101100000000011
01010000100010011 10101100000000010
01010000100011100 10101100000000000
01010000100011100 10101100000000010
01010000100011100 10101100001000000
01010100000011100 10101001011000000
01011001000100000 10101000000000111
01011001000100001 10101000000000110
0101001000100000 1011000000000111
0101001000100001 1011000000000110
01010010001000100 10110000000001010
01010010001100000 10110000000010010
01010010000100000 10111000000000111
01010010000100001 10111000000000110
01100111000100000 10000000000000111
01100111000100001 10000000000000110
01100111000100000 10000000010000111
01100111000100001 10000000010000110
01100111000000100 10000000011010011
01100111000000101 10000000011010010
0110001000100001 1000100010101011
01100010001000100 10001000101010011
01100010001000101 10001000101010010
0110001000100010 1000100010101010
01100111000100000 10001000000000111
01100111000100001 10001000000000110
0110100010001000 1000101010100010
0110100010001010 1000101010100001
01101010000100000 10001000000000111
01101010000100001 10001000000000110
01100001000010000 10011000000000111
01100001000010001 10011000000000110
0110000100001001 1001100000000011
0110000100001010 1001100000000010
0110000100010010 1001100000000011
0110000100010011 1001100000000010
0110000100011100 1001100000000000
01100001000111000 10011000000000010
0110000100011100 1001100000000010
01100001000111000 10011000000000110
0110000100011100 1001100001000000
01100001000111000 10011000010000010
01100001010000100 10011000000010011
01100001010000101 10011000000010010
01100010000100000 10011000000000111
01100010000100001 10011000000000110
01100000100001001 10011100000000011
01100000100001010 10011100000000010
01100000100010010 10011100000000011
01100000100010011 10011100000000010
01100000100011100 10011100000000000
01100000100011100 10011100000000010
01100000100011100 10011100001000000
01100100000011100 10011001011000000
01101000010100000 10010010000000111
01101000010100001 10010010000000110
0110100000011100 1001001011000000
01101000000111000 10010010110000010
01101001000100000 10011000000000111
01101001000100001 10011000000000110
01110001000100001 10000100010101011
01110001000100010 10000100010101010
01110100010001000 10000101010100010
01110100010001010 10000101010100001
01110000100001001 10001100000000011
01110000100001010 10001100000000010
01110000100010010 10001100000000011
01110000100010011 10001100000000010
01110000100011100 10001100000000000
01110000100011100 10001100000000010
01110000100011100 10001100001000000
01110100000011100 10001001011000000
01111001000100000 10001000000000111
01111001000100001 10001000000000110
0111001000100000 1001000000000111
0111001000100001 1001000000000110
01110010001000100 10010000000001010
01110010001100000 10010000000010010
01110010000100000 10011000000000111
01110010000100001 10011000000000110
01100100010000001 10100000000011011
01100100010000010 10100000000011010
011001000100000 101000000000111
011001000100001 101000000000110
01100100010001001 10100000000010011
01100100010001010 10100000000010010
0110010001000100 1010000000001010
01100100011000001 10100000000100011
01100100011000010 10100000000100010
0110010001100000 1010000000010010
01100100011000001 10100000000101011
01100100011000010 10100000000101010
01100111000100000 10100000000000111
01100111000100001 10100000000000110
01100111000100000 10100000010000111
01100111000100001 10100000010000110
01100111000000100 10100000011010011
01100111000000101 10100000011010010
01100111000100000 10101000000000111
01100111000100001 10101000000000110
01101010000100000 10101000000000111
01101010000100001 10101000000000110
01100001000100011 10110101010001000
0110010000100000 1011000000000111
0110010000100001 1011000000000110
01100100001000100 10110000000001010
01100100001100000 10110000000010010
01100000100001001 10111100000000011
01100000100001010 10111100000000010
01100000100010010 10111100000000011
01100000100010011 10111100000000010
01100000100011100 10111100000000000
01100000100011100 10111100000000010
01100000100011100 10111100001000000
01100100000011100 10111001011000000
01101001000100000 10111000000000111
01101001000100001 10111000000000110
01110000100001001 10101100000000011
01110000100001010 10101100000000010
01110000100010010 10101100000000011
01110000100010011 10101100000000010
01110000100011100 10101100000000000
01110000100011100 10101100000000010
01110000100011100 10101100001000000
01110100000011100 10101001011000000
01111001000100000 10101000000000111
01111001000100001 10101000000000110
01110010000100000 10111000000000111
01110010000100001 10111000000000110
01000111000100000 11000000000000111
01000111000100001 11000000000000110
01000111000100000 11000000010000111
01000111000100001 11000000010000110
01000111000000100 11000000011010011
01000111000000101 11000000011010010
01000111000100000 11001000000000111
01000111000100001 11001000000000110
01001000100000000 11000000000110111
01001000100000001 11000000000110110
0100100010000001 1100000000011011
01001000100000100 11000000000110011
01001000100000101 11000000000110010
0100100010000010 1100000000011010
01001000100000 11000000000111
01001000100001 11000000000110
01001000100010000 11000000000100111
01001000100010001 11000000000100110
0100100010001001 1100000000010011
01001000100010100 11000000000100011
01001000100010101 11000000000100010
0100100010001010 1100000000010010
010010001000100 110000000001010
01001000100100000 11000000000000111
01001000100100001 11000000000000110
01001000110000000 11000000001000111
01001000110000001 11000000001000110
0100100011000001 1100000000100011
01001000110000100 11000000001000011
01001000110000101 11000000001000010
0100100011000010 1100000000100010
010010001100000 110000000010010
01001000110000000 11000000001010111
01001000110000001 11000000001010110
0100100011000001 1100000000101011
01001000110000100 11000000001010011
01001000110000101 11000000001010010
0100100011000010 1100000000101010
01001000111000000 11000000000000111
01001000111000001 11000000000000110
01001000111000000 11000000000010111
01001000111000001 11000000000010110
01001001000100000 11000010000000111
01001001000100001 11000010000000110
01001101000100001 11000000010101011
01001101000100010 11000000010101010
0100111000100000 1100000000000111
0100111000100001 1100000000000110
01001110001000100 11000000000001010
01001110001100000 11000000000010010
0100111000100000 1100000010000111
0100111000100001 1100000010000110
01001110001000100 11000000100001010
01001110001100000 11000000100010010
0100111000000100 1100000011010011
0100111000000101 1100000011010010
01001110000001100 11000000110100010
01001001000100000 11001000000000111
01001001000100001 11001000000000110
01001010000100000 11001000000000111
01001010000100001 11001000000000110
01000001100001001 11010010000000011
01000001100001010 11010010000000010
01000001100010010 11010010000000011
01000001100010011 11010010000000010
01000001100011100 11010010000000000
01000001100011100 11010010000000010
01000001100011100 11010010001000000
01000100010001100 11010001010100010
01000100010001011 11010001010101000
01000111000100000 11010000000000111
01000111000100001 11010000000000110
01000111000100000 11010000010000111
01000111000100001 11010000010000110
01000111000000100 11010000011010011
01000111000000101 11010000011010010
01000000100001001 11011100000000011
01000000100001010 11011100000000010
01000000100010010 11011100000000011
01000000100010011 11011100000000010
01000000100011100 11011100000000000
01000000100011100 11011100000000010
01000000100011100 11011100001000000
01000100000011100 11011001011000000
01000111000100000 11011000000000111
01000111000100001 11011000000000110
01001000100001001 11010100000000011
01001000100001010 11010100000000010
01001000100010010 11010100000000011
01001000100010011 11010100000000010
01001000100011100 11010100000000000
01001000100011100 11010100000000010
01001000100011100 11010100001000000
01001100000011100 11010001011000000
01001100010001000 11010001010100010
01001100010001010 11010001010100001
0100111000100000 1101000000000111
0100111000100001 1101000000000110
01001110001000100 11010000000001010
01001110001100000 11010000000010010
01001001000100000 11011000000000111
01001001000100001 11011000000000110
01010000100001001 11001100000000011
01010000100001010 11001100000000010
01010000100010010 11001100000000011
01010000100010011 11001100000000010
01010000100011100 11001100000000000
01010000100011100 11001100000000010
01010000100011100 11001100001000000
01010100000011100 11001001011000000
01011001000100000 11001000000000111
01011001000100001 11001000000000110
01010001000100011 11010101010001000
0101010000100000 1101000000000111
0101010000100001 1101000000000110
01010100001000100 11010000000001010
01010100001100000 11010000000010010
01010010000100000 11011000000000111
01010010000100001 11011000000000110
01000001100001001 11100010000000011
01000001100001010 11100010000000010
01000001100010010 11100010000000011
01000001100010011 11100010000000010
01000001100011100 11100010000000000
01000001100011100 11100010000000010
01000001100011100 11100010001000000
01000111000100000 11100000000000111
01000111000100001 11100000000000110
01000111000100000 11100000010000111
01000111000100001 11100000010000110
01000111000000100 11100000011010011
01000111000000101 11100000011010010
01000001100001001 11101010000000011
01000001100001010 11101010000000010
01000001100010010 11101010000000011
01000001100010011 11101010000000010
01000001100011100 11101010000000000
01000001100011100 11101010000000010
01000001100011100 11101010001000000
0100001000100011 1110101010001000
01000010001011000 11101010100000010
01000010001011000 11101010100000011
01000010001011001 11101010100000010
01000010001011010 11101010100000001
01000010001011100 11101010100000001
01000010100110000 11101010000000111
01000010100110001 11101010000000110
01000010100110100 11101010000000011
01000010100110101 11101010000000010
01000000100001001 11101100000000011
01000000100001010 11101100000000010
01000000100010010 11101100000000011
01000000100010011 11101100000000010
01000000100011100 11101100000000000
01000000100011100 11101100000000010
01000000100011100 11101100001000000
01000100000011100 11101001011000000
01000111000100000 11101000000000111
01000111000100001 11101000000000110
01001000010000001 11100000000011011
01001000010000010 11100000000011010
010010000100000 111000000000111
010010000100001 111000000000110
01001000010001001 11100000000010011
01001000010001010 11100000000010010
0100100001000100 1110000000001010
01001000011000001 11100000000100011
01001000011000010 11100000000100010
0100100001100000 1110000000010010
01001000011000001 11100000000101011
01001000011000010 11100000000101010
01001000100001001 11100100000000011
01001000100001010 11100100000000010
01001000100010010 11100100000000011
01001000100010011 11100100000000010
01001000100011100 11100100000000000
01001000100011100 11100100000000010
01001000100011100 11100100001000000
01001100000011100 11100001011000000
01001100010001000 11100001010100010
01001100010001010 11100001010100001
01001010000100000 11101000000000111
01001010000100001 11101000000000110
01000001000010000 11111000000000111
01000001000010001 11111000000000110
0100000100001001 1111100000000011
0100000100001010 1111100000000010
0100000100010010 1111100000000011
0100000100010011 1111100000000010
0100000100011100 1111100000000000
01000001000111000 11111000000000010
0100000100011100 1111100000000010
01000001000111000 11111000000000110
0100000100011100 1111100001000000
01000001000111000 11111000010000010
01000001010000100 11111000000010011
01000001010000101 11111000000010010
01000010000100000 11111000000000111
01000010000100001 11111000000000110
01000000100001001 11111100000000011
01000000100001010 11111100000000010
01000000100010010 11111100000000011
01000000100010011 11111100000000010
01000000100011100 11111100000000000
01000000100011100 11111100000000010
01000000100011100 11111100001000000
01000100000011100 11111001011000000
01001000010100000 11110010000000111
01001000010100001 11110010000000110
0100100000011100 1111001011000000
01001000000111000 11110010110000010
01001001000100000 11111000000000111
01001001000100001 11111000000000110
01010100010001100 11100001010100010
01010100010001011 11100001010101000
01010000100001001 11101100000000011
01010000100001010 11101100000000010
01010000100010010 11101100000000011
01010000100010011 11101100000000010
01010000100011100 11101100000000000
01010000100011100 11101100000000010
01010000100011100 11101100001000000
01010100000011100 11101001011000000
01011001000100000 11101000000000111
01011001000100001 11101000000000110
0101001000100000 1111000000000111
0101001000100001 1111000000000110
01010010001000100 11110000000001010
01010010001100000 11110000000010010
01010010000100000 11111000000000111
01010010000100001 11111000000000110
01100111000100000 11000000000000111
01100111000100001 11000000000000110
01100111000100000 11000000010000111
01100111000100001 11000000010000110
01100111000000100 11000000011010011
01100111000000101 11000000011010010
01100111000100000 11001000000000111
01100111000100001 11001000000000110
01101010000100000 11001000000000111
01101010000100001 11001000000000110
01100001000010000 11011000000000111
01100001000010001 11011000000000110
0110000100001001 1101100000000011
0110000100001010 1101100000000010
0110000100010010 1101100000000011
0110000100010011 1101100000000010
0110000100011100 1101100000000000
01100001000111000 11011000000000010
0110000100011100 1101100000000010
01100001000111000 11011000000000110
0110000100011100 1101100001000000
01100001000111000 11011000010000010
01100001010000100 11011000000010011
01100001010000101 11011000000010010
01100010000100000 11011000000000111
01100010000100001 11011000000000110
01100000100001001 11011100000000011
01100000100001010 11011100000000010
01100000100010010 11011100000000011
01100000100010011 11011100000000010
01100000100011100 11011100000000000
01100000100011100 11011100000000010
01100000100011100 11011100001000000
01100100000011100 11011001011000000
01101000010100000 11010010000000111
01101000010100001 11010010000000110
0110100000011100 1101001011000000
01101000000111000 11010010110000010
01101001000100000 11011000000000111
01101001000100001 11011000000000110
01110001000100001 11000100010101011
01110001000100010 11000100010101010
01110100010001000 11000101010100010
01110100010001010 11000101010100001
01110000100001001 11001100000000011
01110000100001010 11001100000000010
01110000100010010 11001100000000011
01110000100010011 11001100000000010
01110000100011100 11001100000000000
01110000100011100 11001100000000010
01110000100011100 11001100001000000
01110100000011100 11001001011000000
01111001000100000 11001000000000111
01111001000100001 11001000000000110
0111001000100000 1101000000000111
0111001000100001 1101000000000110
01110010001000100 11010000000001010
01110010001100000 11010000000010010
01110010000100000 11011000000000111
01110010000100001 11011000000000110
01100111000100000 11100000000000111
01100111000100001 11100000000000110
01100111000100000 11100000010000111
01100111000100001 11100000010000110
01100111000000100 11100000011010011
01100111000000101 11100000011010010
01100111000100000 11101000000000111
01100111000100001 11101000000000110
01101010000100000 11101000000000111
01101010000100001 11101000000000110
01100001000100011 11110101010001000
0110010000100000 1111000000000111
0110010000100001 1111000000000110
01100100001000100 11110000000001010
01100100001100000 11110000000010010
01100000100001001 11111100000000011
01100000100001010 11111100000000010
01100000100010010 11111100000000011
01100000100010011 11111100000000010
01100000100011100 11111100000000000
01100000100011100 11111100000000010
01100000100011100 11111100001000000
01100100000011100 11111001011000000
01101001000100000 11111000000000111
01101001000100001 11111000000000110
01110000100001001 11101100000000011
01110000100001010 11101100000000010
01110000100010010 11101100000000011
01110000100010011 11101100000000010
01110000100011100 11101100000000000
01110000100011100 11101100000000010
01110000100011100 11101100001000000
01110100000011100 11101001011000000
01111001000100000 11101000000000111
01111001000100001 11101000000000110
01110010000100000 11111000000000111
01110010000100001 11111000000000110
10000111000100000 00000000000000111
10000111000100001 00000000000000110
10000111000100000 00000000010000111
10000111000100001 00000000010000110
10000111000000100 00000000011010011
10000111000000101 00000000011010010
10000111000100000 00001000000000111
10000111000100001 00001000000000110
1000111000100000 0000000000000111
1000111000100001 0000000000000110
10001110001000100 00000000000001010
10001110001100000 00000000000010010
1000111000100000 0000000010000111
1000111000100001 0000000010000110
10001110001000100 00000000100001010
10001110001100000 00000000100010010
1000111000000100 0000000011010011
1000111000000101 0000000011010010
10001110000001100 00000000110100010
10001010000100000 00001000000000111
10001010000100001 00001000000000110
10000001100001001 00010010000000011
10000001100001010 00010010000000010
10000001100010010 00010010000000011
10000001100010011 00010010000000010
10000001100011100 00010010000000000
10000001100011100 00010010000000010
10000001100011100 00010010001000000
10000100010001100 00010001010100010
10000100010001011 00010001010101000
10000111000100000 00010000000000111
10000111000100001 00010000000000110
10000111000100000 00010000010000111
10000111000100001 00010000010000110
10000111000000100 00010000011010011
10000111000000101 00010000011010010
10000000100001001 00011100000000011
10000000100001010 00011100000000010
10000000100010010 00011100000000011
10000000100010011 00011100000000010
10000000100011100 00011100000000000
10000000100011100 00011100000000010
10000000100011100 00011100001000000
10000100000011100 00011001011000000
10000111000100000 00011000000000111
10000111000100001 00011000000000110
10001000100001001 00010100000000011
10001000100001010 00010100000000010
10001000100010010 00010100000000011
10001000100010011 00010100000000010
10001000100011100 00010100000000000
10001000100011100 00010100000000010
10001000100011100 00010100001000000
10001100000011100 00010001011000000
10001100010001000 00010001010100010
10001100010001010 00010001010100001
1000111000100000 0001000000000111
1000111000100001 0001000000000110
10001110001000100 00010000000001010
10001110001100000 00010000000010010
10001001000100000 00011000000000111
10001001000100001 00011000000000110
10010000100001001 00001100000000011
10010000100001010 00001100000000010
10010000100010010 00001100000000011
10010000100010011 00001100000000010
10010000100011100 00001100000000000
10010000100011100 00001100000000010
10010000100011100 00001100001000000
10010100000011100 00001001011000000
10011100010000001 00000000000011011
10011100010000010 00000000000011010
100111000100000 000000000000111
100111000100001 000000000000110
10011100010001001 00000000000010011
10011100010001010 00000000000010010
1001110001000100 0000000000001010
10011100011000001 00000000000100011
10011100011000010 00000000000100010
1001110001100000 0000000000010010
10011100011000001 00000000000101011
10011100011000010 00000000000101010
10011100010000001 00000001000011011
10011100010000010 00000001000011010
100111000100000 000000010000111
100111000100001 000000010000110
10011100010001001 00000001000010011
10011100010001010 00000001000010010
1001110001000100 0000000100001010
10011100011000001 00000001000100011
10011100011000010 00000001000100010
1001110001100000 0000000100010010
10011100011000001 00000001000101011
10011100011000010 00000001000101010
10011100000010001 00000001101001011
10011100000010010 00000001101001010
100111000000100 000000011010011
100111000000101 000000011010010
10011100000011001 00000001101000011
10011100000011010 00000001101000010
1001110000001100 0000000110100010
10011001000100000 00001000000000111
10011001000100001 00001000000000110
10010001000100011 00010101010001000
1001010000100000 0001000000000111
1001010000100001 0001000000000110
10010100001000100 00010000000001010
10010100001100000 00010000000010010
10010010000100000 00011000000000111
10010010000100001 00011000000000110
10000011000010000 00100100000000111
10000011000010001 00100100000000110
1000001100001001 0010010000000011
1000001100001010 0010010000000010
1000001100010010 0010010000000011
1000001100010011 0010010000000010
1000001100011100 0010010000000000
10000011000111000 00100100000000010
1000001100011100 0010010000000010
10000011000111000 00100100000000110
1000001100011100 0010010001000000
10000011000111000 00100100010000010
10000111000100000 00101000000000111
10000111000100001 00101000000000110
10001000100011001 00100010101000011
10001000100011010 00100010101000010
1000100010001100 0010001010100010
1000100010001011 0010001010101000
10001101000100001 00100000010101011
10001101000100010 00100000010101010
1000111000100000 0010000000000111
1000111000100001 0010000000000110
10001110001000100 00100000000001010
10001110001100000 00100000000010010
1000111000100000 0010000010000111
1000111000100001 0010000010000110
10001110001000100 00100000100001010
10001110001100000 00100000100010010
1000111000000100 0010000011010011
1000111000000101 0010000011010010
10001110000001100 00100000110100010
10001111000100000 00100000000000111
10001111000100001 00100000000000110
10001111000100000 00100000010000111
10001111000100001 00100000010000110
10001111000000100 00100000011010011
10001111000000101 00100000011010010
10001010000100000 00101000000000111
10001010000100001 00101000000000110
10000001000010000 00111000000000111
10000001000010001 00111000000000110
1000000100001001 0011100000000011
1000000100001010 0011100000000010
1000000100010010 0011100000000011
1000000100010011 0011100000000010
1000000100011100 0011100000000000
10000001000111000 00111000000000010
1000000100011100 0011100000000010
10000001000111000 00111000000000110
1000000100011100 0011100001000000
10000001000111000 00111000010000010
10000001010000100 00111000000010011
10000001010000101 00111000000010010
10000010000100000 00111000000000111
10000010000100001 00111000000000110
10000000100001001 00111100000000011
10000000100001010 00111100000000010
10000000100010010 00111100000000011
10000000100010011 00111100000000010
10000000100011100 00111100000000000
10000000100011100 00111100000000010
10000000100011100 00111100001000000
10000100000011100 00111001011000000
10001000010100000 00110010000000111
10001000010100001 00110010000000110
1000100000011100 0011001011000000
10001000000111000 00110010110000010
1000111000100000 0011000000000111
1000111000100001 0011000000000110
10001110001000100 00110000000001010
10001110001100000 00110000000010010
10001001000100000 00111000000000111
10001001000100001 00111000000000110
10010100010001100 00100001010100010
10010100010001011 00100001010101000
10010111000100000 00100000000000111
10010111000100001 00100000000000110
10010111000100000 00100000010000111
10010111000100001 00100000010000110
10010111000000100 00100000011010011
10010111000000101 00100000011010010
10010001000010000 00101000000000111
10010001000010001 00101000000000110
1001000100001001 0010100000000011
1001000100001010 0010100000000010
1001000100010010 0010100000000011
1001000100010011 0010100000000010
1001000100011100 0010100000000000
10010001000111000 00101000000000010
1001000100011100 0010100000000010
10010001000111000 00101000000000110
1001000100011100 0010100001000000
10010001000111000 00101000010000010
10010001010000100 00101000000010011
10010001010000101 00101000000010010
10010010000100000 00101000000000111
10010010000100001 00101000000000110
10010000100001001 00101100000000011
10010000100001010 00101100000000010
10010000100010010 00101100000000011
10010000100010011 00101100000000010
10010000100011100 00101100000000000
10010000100011100 00101100000000010
10010000100011100 00101100001000000
10010100000011100 00101001011000000
10011000010100000 00100010000000111
10011000010100001 00100010000000110
1001100000011100 0010001011000000
10011000000111000 00100010110000010
1001100010001000 0010001010100010
1001100010001010 0010001010100001
10011100010000001 00100000000011011
10011100010000010 00100000000011010
100111000100000 001000000000111
100111000100001 001000000000110
10011100010001001 00100000000010011
10011100010001010 00100000000010010
1001110001000100 0010000000001010
10011100011000001 00100000000100011
10011100011000010 00100000000100010
1001110001100000 0010000000010010
10011100011000001 00100000000101011
10011100011000010 00100000000101010
10011001000100000 00101000000000111
10011001000100001 00101000000000110
1001001000100000 0011000000000111
1001001000100001 0011000000000110
10010010001000100 00110000000001010
10010010001100000 00110000000010010
10010010000100000 00111000000000111
10010010000100001 00111000000000110
10100111000100000 00000000000000111
10100111000100001 00000000000000110
10100111000100000 00000000010000111
10100111000100001 00000000010000110
10100111000000100 00000000011010011
10100111000000101 00000000011010010
10100111000100000 00001000000000111
10100111000100001 00001000000000110
10101010000100000 00001000000000111
10101010000100001 00001000000000110
10100001000010000 00011000000000111
10100001000010001 00011000000000110
1010000100001001 0001100000000011
1010000100001010 0001100000000010
1010000100010010 0001100000000011
1010000100010011 0001100000000010
1010000100011100 0001100000000000
10100001000111000 00011000000000010
1010000100011100 0001100000000010
10100001000111000 00011000000000110
1010000100011100 0001100001000000
10100001000111000 00011000010000010
10100001010000100 00011000000010011
10100001010000101 00011000000010010
10100010000100000 00011000000000111
10100010000100001 00011000000000110
10100000100001001 00011100000000011
10100000100001010 00011100000000010
10100000100010010 00011100000000011
10100000100010011 00011100000000010
10100000100011100 00011100000000000
10100000100011100 00011100000000010
10100000100011100 00011100001000000
10100100000011100 00011001011000000
10101000010100000 00010010000000111
10101000010100001 00010010000000110
1010100000011100 0001001011000000
10101000000111000 00010010110000010
10101001000100000 00011000000000111
10101001000100001 00011000000000110
10110001000100001 00000100010101011
10110001000100010 00000100010101010
10110100010001000 00000101010100010
10110100010001010 00000101010100001
10110000100001001 00001100000000011
10110000100001010 00001100000000010
10110000100010010 00001100000000011
10110000100010011 00001100000000010
10110000100011100 00001100000000000
10110000100011100 00001100000000010
10110000100011100 00001100001000000
10110100000011100 00001001011000000
10111001000100000 00001000000000111
10111001000100001 00001000000000110
1011001000100000 0001000000000111
1011001000100001 0001000000000110
10110010001000100 00010000000001010
10110010001100000 00010000000010010
10110010000100000 00011000000000111
10110010000100001 00011000000000110
10100001100001001 00100010000000011
10100001100001010 00100010000000010
10100001100010010 00100010000000011
10100001100010011 00100010000000010
10100001100011100 00100010000000000
10100001100011100 00100010000000010
10100001100011100 00100010001000000
10100111000100000 00100000000000111
10100111000100001 00100000000000110
10100111000100000 00100000010000111
10100111000100001 00100000010000110
10100111000000100 00100000011010011
10100111000000101 00100000011010010
10100001100001001 00101010000000011
10100001100001010 00101010000000010
10100001100010010 00101010000000011
10100001100010011 00101010000000010
10100001100011100 00101010000000000
10100001100011100 00101010000000010
10100001100011100 00101010001000000
1010001000100011 0010101010001000
10100010001011000 00101010100000010
10100010001011000 00101010100000011
10100010001011001 00101010100000010
10100010001011010 00101010100000001
10100010001011100 00101010100000001
10100010100110000 00101010000000111
10100010100110001 00101010000000110
10100010100110100 00101010000000011
10100010100110101 00101010000000010
10100000100001001 00101100000000011
10100000100001010 00101100000000010
10100000100010010 00101100000000011
10100000100010011 00101100000000010
10100000100011100 00101100000000000
10100000100011100 00101100000000010
10100000100011100 00101100001000000
10100100000011100 00101001011000000
10100111000100000 00101000000000111
10100111000100001 00101000000000110
10101000010000001 00100000000011011
10101000010000010 00100000000011010
101010000100000 001000000000111
101010000100001 001000000000110
10101000010001001 00100000000010011
10101000010001010 00100000000010010
1010100001000100 0010000000001010
10101000011000001 00100000000100011
10101000011000010 00100000000100010
1010100001100000 0010000000010010
10101000011000001 00100000000101011
10101000011000010 00100000000101010
10101000100001001 00100100000000011
10101000100001010 00100100000000010
10101000100010010 00100100000000011
10101000100010011 00100100000000010
10101000100011100 00100100000000000
10101000100011100 00100100000000010
10101000100011100 00100100001000000
10101100000011100 00100001011000000
10101100010001000 00100001010100010
10101100010001010 00100001010100001
10101010000100000 00101000000000111
10101010000100001 00101000000000110
10100001000100011 00110101010001000
1010010000100000 0011000000000111
1010010000100001 0011000000000110
10100100001000100 00110000000001010
10100100001100000 00110000000010010
10100000100001001 00111100000000011
10100000100001010 00111100000000010
10100000100010010 00111100000000011
10100000100010011 00111100000000010
10100000100011100 00111100000000000
10100000100011100 00111100000000010
10100000100011100 00111100001000000
10100100000011100 00111001011000000
10101001000100000 00111000000000111
10101001000100001 00111000000000110
10110000100001001 00101100000000011
10110000100001010 00101100000000010
10110000100010010 00101100000000011
10110000100010011 00101100000000010
10110000100011100 00101100000000000
10110000100011100 00101100000000010
10110000100011100 00101100001000000
10110100000011100 00101001011000000
10111001000100000 00101000000000111
10111001000100001 00101000000000110
10110010000100000 00111000000000111
10110010000100001 00111000000000110
10000111000100000 01000000000000111
10000111000100001 01000000000000110
10000111000100000 01000000010000111
10000111000100001 01000000010000110
10000111000000100 01000000011010011
10000111000000101 01000000011010010
10000111000100000 01001000000000111
10000111000100001 01001000000000110
1000111000100000 0100000000000111
1000111000100001 0100000000000110
10001110001000100 01000000000001010
10001110001100000 01000000000010010
1000111000100000 0100000010000111
1000111000100001 0100000010000110
10001110001000100 01000000100001010
10001110001100000 01000000100010010
1000111000000100 0100000011010011
1000111000000101 0100000011010010
10001110000001100 01000000110100010
10001010000100000 01001000000000111
10001010000100001 01001000000000110
10000001100001001 01010010000000011
10000001100001010 01010010000000010
10000001100010010 01010010000000011
10000001100010011 01010010000000010
10000001100011100 01010010000000000
10000001100011100 01010010000000010
10000001100011100 01010010001000000
10000111000100000 01010000000000111
10000111000100001 01010000000000110
10000111000100000 01010000010000111
10000111000100001 01010000010000110
10000111000000100 01010000011010011
10000111000000101 01010000011010010
10000000100001001 01011100000000011
10000000100001010 01011100000000010
10000000100010010 01011100000000011
10000000100010011 01011100000000010
10000000100011100 01011100000000000
10000000100011100 01011100000000010
10000000100011100 01011100001000000
10000100000011100 01011001011000000
10000111000100000 01011000000000111
10000111000100001 01011000000000110
10001000100001001 01010100000000011
10001000100001010 01010100000000010
10001000100010010 01010100000000011
10001000100010011 01010100000000010
10001000100011100 01010100000000000
10001000100011100 01010100000000010
10001000100011100 01010100001000000
10001100000011100 01010001011000000
10001100010001000 01010001010100010
10001100010001010 01010001010100001
1000111000100000 0101000000000111
1000111000100001 0101000000000110
10001110001000100 01010000000001010
10001110001100000 01010000000010010
10001001000100000 01011000000000111
10001001000100001 01011000000000110
10010000100001001 01001100000000011
10010000100001010 01001100000000010
10010000100010010 01001100000000011
10010000100010011 01001100000000010
10010000100011100 01001100000000000
10010000100011100 01001100000000010
10010000100011100 01001100001000000
10010100000011100 01001001011000000
1001101000100001 0100000010101011
10011010001000100 01000000101010011
10011010001000101 01000000101010010
1001101000100010 0100000010101010
10011101000100001 01000000010101011
10011101000100010 01000000010101010
10011001000100000 01001000000000111
10011001000100001 01001000000000110
1001001000100000 0101000000000111
1001001000100001 0101000000000110
10010010001000100 01010000000001010
10010010001100000 01010000000010010
1001010000100000 0101000000000111
1001010000100001 0101000000000110
10010100001000100 01010000000001010
10010100001100000 01010000000010010
10010110010100001 01010000000101011
10010110010100010 01010000000101010
10010010000100000 01011000000000111
10010010000100001 01011000000000110
10000001100001001 01100010000000011
10000001100001010 01100010000000010
10000001100010010 01100010000000011
10000001100010011 01100010000000010
10000001100011100 01100010000000000
10000001100011100 01100010000000010
10000001100011100 01100010001000000
10000011100001001 01100000000000011
10000011100001010 01100000000000010
10000011100010010 01100000000000011
10000011100010011 01100000000000010
10000011100011100 01100000000000000
10000011100011100 01100000000000010
10000011100011100 01100000001000000
1000010000000100 0110000000010011
1000010000000101 0110000000010010
10000100000001100 01100000000100010
10000100000100100 01100000001000011
10000100000100101 01100000001000010
10000100000101001 01100000001000011
10000100000101010 01100000001000010
10000100001000001 01100000000011011
10000100001000010 01100000000011010
100001000010000 011000000000111
100001000010001 011000000000110
10000100001001001 01100000000010011
10000100001001010 01100000000010010
1000010000100100 0110000000001010
10000100001001 01100000000011
10000100001011001 01100000000000011
10000100001011010 01100000000000010
10000100001010 01100000000010
10000100000011100 01100000011000000
10000100010010010 01100000000010011
10000100010010011 01100000000010010
1000010001001000 0110000000001011
1000010001001001 0110000000001010
10000100010010 01100000000011
10000100010011 01100000000010
1000010001000100 0110000000010011
1000010001000101 0110000000010010
10000100010001100 01100000000100010
10000100010001001 01100000001000011
10000100010001010 01100000001000010
10000100010010010 01100000001000011
10000100010010011 01100000001000010
10000100010011100 01100000001000000
10000100010011100 01100000001000010
10000100011100 01100000000000
100001000111000 011000000000010
10000100011101001 01100000000000011
10000100011101010 01100000000000010
1000010001110100 0110000000000010
10000100011101100 01100000000000000
10000100011101100 01100000000000010
10000100011100 01100000000010
100001000111000 011000000000110
1000010001111000 0110000000000010
10000100011110000 01100000000010010
10000100100001001 01100000000000011
10000100100001010 01100000000000010
10000100100010010 01100000000000011
10000100100010011 01100000000000010
10000100100011100 01100000000000000
10000100100011100 01100000000000010
10000100100011100 01100000001000000
10000100000011100 01100001011000000
10000100011100 01100001000000
100001000111000 011000010000010
10000100011101001 01100001000000011
10000100011101010 01100001000000010
1000010001110100 0110000100000010
10000100011101100 01100001000000000
10000100011101100 01100001000000010
1000010001111000 0110000100000010
10000101000010001 01100000001001011
10000101000010010 01100000001001010
100001010000100 011000000010011
100001010000101 011000000010010
10000101000011001 01100000001000011
10000101000011010 01100000001000010
1000010100001100 0110000000100010
10000110010100001 01100000000101011
10000110010100010 01100000000101010
10000111000100000 01100000000000111
10000111000100001 01100000000000110
10000111000100000 01100000010000111
10000111000100001 01100000010000110
10000111000000100 01100000011010011
10000111000000101 01100000011010010
10000001100001001 01101010000000011
10000001100001010 01101010000000010
10000001100010010 01101010000000011
10000001100010011 01101010000000010
10000001100011100 01101010000000000
10000001100011100 01101010000000010
10000001100011100 01101010001000000
10000011100001001 01101000000000011
10000011100001010 01101000000000010
10000011100010010 01101000000000011
10000011100010011 01101000000000010
10000011100011100 01101000000000000
10000011100011100 01101000000000010
10000011100011100 01101000001000000
10000000100001001 01101100000000011
10000000100001010 01101100000000010
10000000100010010 01101100000000011
10000000100010011 01101100000000010
10000000100011100 01101100000000000
10000000100011100 01101100000000010
10000000100011100 01101100001000000
10000100000011100 01101001011000000
10000111000100000 01101000000000111
10000111000100001 01101000000000110
10001000010000001 01100000000011011
10001000010000010 01100000000011010
100010000100000 011000000000111
100010000100001 011000000000110
10001000010001001 01100000000010011
10001000010001010 01100000000010010
1000100001000100 0110000000001010
10001000011000001 01100000000100011
10001000011000010 01100000000100010
1000100001100000 0110000000010010
10001000011000001 01100000000101011
10001000011000010 01100000000101010
10001000100001001 01100100000000011
10001000100001010 01100100000000010
10001000100010010 01100100000000011
10001000100010011 01100100000000010
10001000100011100 01100100000000000
10001000100011100 01100100000000010
10001000100011100 01100100001000000
1000110010100001 0110000000101011
10001100101000100 01100000001010011
10001100101000101 01100000001010010
1000110010100010 0110000000101010
10001100000011100 01100001011000000
10001100010001000 01100001010100010
10001100010001010 01100001010100001
10001101000100001 01100000010101011
10001101000100010 01100000010101010
10001001000100000 01101000000000111
10001001000100001 01101000000000110
10001010000100000 01101000000000111
10001010000100001 01101000000000110
10000010000000100 01110000000010011
10000010000000101 01110000000010010
1000001000010000 0111000000000111
1000001000010001 0111000000000110
10000010000100100 01110000000001010
100000100001001 011100000000011
100000100001010 011100000000010
10000010001001000 01110000000001011
10000010001001001 01110000000001010
100000100010010 011100000000011
100000100010011 011100000000010
10000010001000100 01110000000010011
10000010001000101 01110000000010010
100000100011100 011100000000000
1000001000111000 0111000000000010
10000010001110100 01110000000000010
100000100011100 011100000000010
1000001000111000 0111000000000110
10000010001111000 01110000000000010
100000100011100 011100001000000
1000001000111000 0111000010000010
10000010001110100 01110000100000010
10000010001111000 01110000100000010
1000001010000100 0111000000010011
1000001010000101 0111000000010010
10000010100001100 01110000000100010
1000010000100000 0111000000000111
1000010000100001 0111000000000110
10000100001000100 01110000000001010
10000100001100000 01110000000010010
10000110010100001 01110000000101011
10000110010100010 01110000000101010
10000001000010000 01111000000000111
10000001000010001 01111000000000110
1000000100001001 0111100000000011
1000000100001010 0111100000000010
1000000100010010 0111100000000011
1000000100010011 0111100000000010
1000000100011100 0111100000000000
10000001000111000 01111000000000010
1000000100011100 0111100000000010
10000001000111000 01111000000000110
1000000100011100 0111100001000000
10000001000111000 01111000010000010
10000001010000100 01111000000010011
10000001010000101 01111000000010010
10000010000100000 01111000000000111
10000010000100001 01111000000000110
10000000100001001 01111100000000011
10000000100001010 01111100000000010
10000000100010010 01111100000000011
10000000100010011 01111100000000010
10000000100011100 01111100000000000
10000000100011100 01111100000000010
10000000100011100 01111100001000000
10000100000011100 01111001011000000
10001000010100000 01110010000000111
10001000010100001 01110010000000110
1000100000011100 0111001011000000
10001000000111000 01110010110000010
10001001000100000 01111000000000111
10001001000100001 01111000000000110
10010000000100000 01100100000000111
10010000000100001 01100100000000110
1001000010100000 0110010000000111
1001000010100001 0110010000000110
10010000101000100 01100100000001010
100100000011100 011001011000000
1001000000111000 0110010110000010
10010000001110100 01100101100000010
10010000001111000 01100101100000010
10010001000100000 01100100000000111
10010001000100001 01100100000000110
10010001000100011 01100101010001000
10010100010001100 01100001010100010
10010100010001011 01100001010101000
10010110010100001 01100000000101011
10010110010100010 01100000000101010
10010000100001001 01101100000000011
10010000100001010 01101100000000010
10010000100010010 01101100000000011
10010000100010011 01101100000000010
10010000100011100 01101100000000000
10010000100011100 01101100000000010
10010000100011100 01101100001000000
10010100000011100 01101001011000000
10011001000100000 01101000000000111
10011001000100001 01101000000000110
1001001000100000 0111000000000111
1001001000100001 0111000000000110
10010010001000100 01110000000001010
10010010001100000 01110000000010010
10010010000100000 01111000000000111
10010010000100001 01111000000000110
10100001100001001 01000010000000011
10100001100001010 01000010000000010
10100001100010010 01000010000000011
10100001100010011 01000010000000010
10100001100011100 01000010000000000
10100001100011100 01000010000000010
10100001100011100 01000010001000000
10100011000100001 01000000010101011
10100011000100010 01000000010101010
10100100000100000 01000010000000111
10100100000100001 01000010000000110
10100111000100000 01000000000000111
10100111000100001 01000000000000110
10100111000100000 01000000010000111
10100111000100001 01000000010000110
10100111000000100 01000000011010011
10100111000000101 01000000011010010
1010000000100000 0100100000000111
1010000000100001 0100100000000110
10100000001000100 01001000000001010
10100000001100000 01001000000010010
10100001010000001 01001000000011011
10100001010000010 01001000000011010
101000010100000 010010000000111
101000010100001 010010000000110
10100001010001001 01001000000010011
10100001010001010 01001000000010010
1010000101000100 0100100000001010
10100000000011100 01001011011000000
10100000011100 01001011000000
101000000111000 010010110000010
10100000011101001 01001011000000011
10100000011101010 01001011000000010
1010000001110100 0100101100000010
10100000011101100 01001011000000000
10100000011101100 01001011000000010
1010000001111000 0100101100000010
10100001100001001 01001010000000011
10100001100001010 01001010000000010
10100001100010010 01001010000000011
10100001100010011 01001010000000010
10100001100011100 01001010000000000
10100001100011100 01001010000000010
10100001100011100 01001010001000000
1010001000100000 0100100000000111
1010001000100001 0100100000000110
10100010001000100 01001000000001010
10100010001100000 01001000000010010
1010001000100011 0100101010001000
10100010001011000 01001010100000010
10100010001011000 01001010100000011
10100010001011001 01001010100000010
10100010001011010 01001010100000001
10100010001011100 01001010100000001
10100010100110000 01001010000000111
10100010100110001 01001010000000110
10100010100110100 01001010000000011
10100010100110101 01001010000000010
10100000100001001 01001100000000011
10100000100001010 01001100000000010
10100000100010010 01001100000000011
10100000100010011 01001100000000010
10100000100011100 01001100000000000
10100000100011100 01001100000000010
10100000100011100 01001100001000000
10100100000011100 01001001011000000
10100111000100000 01001000000000111
10100111000100001 01001000000000110
10101000100011001 01000010101000011
10101000100011010 01000010101000010
1010100010001100 0100001010100010
1010100010001011 0100001010101000
10101000100001001 01000100000000011
10101000100001010 01000100000000010
10101000100010010 01000100000000011
10101000100010011 01000100000000010
10101000100011100 01000100000000000
10101000100011100 01000100000000010
10101000100011100 01000100001000000
1010110010100001 0100000000101011
10101100101000100 01000000001010011
10101100101000101 01000000001010010
1010110010100010 0100000000101010
10101100000011100 01000001011000000
10101100010001000 01000001010100010
10101100010001010 01000001010100001
10101101000100001 01000000010101011
10101101000100010 01000000010101010
10101010000100000 01001000000000111
10101010000100001 01001000000000110
10100001000010000 01011000000000111
10100001000010001 01011000000000110
1010000100001001 0101100000000011
1010000100001010 0101100000000010
1010000100010010 0101100000000011
1010000100010011 0101100000000010
1010000100011100 0101100000000000
10100001000111000 01011000000000010
1010000100011100 0101100000000010
10100001000111000 01011000000000110
1010000100011100 0101100001000000
10100001000111000 01011000010000010
10100001010000100 01011000000010011
10100001010000101 01011000000010010
10100010000100000 01011000000000111
10100010000100001 01011000000000110
10100000100001001 01011100000000011
10100000100001010 01011100000000010
10100000100010010 01011100000000011
10100000100010011 01011100000000010
10100000100011100 01011100000000000
10100000100011100 01011100000000010
10100000100011100 01011100001000000
10100100000011100 01011001011000000
10101000010100000 01010010000000111
10101000010100001 01010010000000110
1010100000011100 0101001011000000
10101000000111000 01010010110000010
10101001000100000 01011000000000111
10101001000100001 01011000000000110
10110001000100001 01000100010101011
10110001000100010 01000100010101010
10110100010001000 01000101010100010
10110100010001010 01000101010100001
10110000100001001 01001100000000011
10110000100001010 01001100000000010
10110000100010010 01001100000000011
10110000100010011 01001100000000010
10110000100011100 01001100000000000
10110000100011100 01001100000000010
10110000100011100 01001100001000000
10110100000011100 01001001011000000
10111001000100000 01001000000000111
10111001000100001 01001000000000110
1011001000100000 0101000000000111
1011001000100001 0101000000000110
10110010001000100 01010000000001010
10110010001100000 01010000000010010
10110010000100000 01011000000000111
10110010000100001 01011000000000110
10100100010000001 01100000000011011
10100100010000010 01100000000011010
101001000100000 011000000000111
101001000100001 011000000000110
10100100010001001 01100000000010011
10100100010001010 01100000000010010
1010010001000100 0110000000001010
10100100011000001 01100000000100011
10100100011000010 01100000000100010
1010010001100000 0110000000010010
10100100011000001 01100000000101011
10100100011000010 01100000000101010
10100111000100000 01100000000000111
10100111000100001 01100000000000110
10100111000100000 01100000010000111
10100111000100001 01100000010000110
10100111000000100 01100000011010011
10100111000000101 01100000011010010
10100111000100000 01101000000000111
10100111000100001 01101000000000110
10101010000100000 01101000000000111
10101010000100001 01101000000000110
10100001000100011 01110101010001000
1010010000100000 0111000000000111
1010010000100001 0111000000000110
10100100001000100 01110000000001010
10100100001100000 01110000000010010
10100000100001001 01111100000000011
10100000100001010 01111100000000010
10100000100010010 01111100000000011
10100000100010011 01111100000000010
10100000100011100 01111100000000000
10100000100011100 01111100000000010
10100000100011100 01111100001000000
10100100000011100 01111001011000000
10101001000100000 01111000000000111
10101001000100001 01111000000000110
10110000100001001 01101100000000011
10110000100001010 01101100000000010
10110000100010010 01101100000000011
10110000100010011 01101100000000010
10110000100011100 01101100000000000
10110000100011100 01101100000000010
10110000100011100 01101100001000000
10110100000011100 01101001011000000
10111001000100000 01101000000000111
10111001000100001 01101000000000110
10110010000100000 01111000000000111
10110010000100001 01111000000000110
11000111000100000 00000000000000111
11000111000100001 00000000000000110
11000111000100000 00000000010000111
11000111000100001 00000000010000110
11000111000000100 00000000011010011
11000111000000101 00000000011010010
11000111000100000 00001000000000111
11000111000100001 00001000000000110
1100111000100000 0000000000000111
1100111000100001 0000000000000110
11001110001000100 00000000000001010
11001110001100000 00000000000010010
1100111000100000 0000000010000111
1100111000100001 0000000010000110
11001110001000100 00000000100001010
11001110001100000 00000000100010010
1100111000000100 0000000011010011
1100111000000101 0000000011010010
11001110000001100 00000000110100010
11001010000100000 00001000000000111
11001010000100001 00001000000000110
11000001100001001 00010010000000011
11000001100001010 00010010000000010
11000001100010010 00010010000000011
11000001100010011 00010010000000010
11000001100011100 00010010000000000
11000001100011100 00010010000000010
11000001100011100 00010010001000000
11000001000100001 00010100010101011
11000001000100010 00010100010101010
11000100000100001 00010001010101011
11000100000100010 00010001010101010
11000100010100001 00010001000101011
11000100010100010 00010001000101010
110001000100001 000100010101011
1100010001000100 0001000101010011
1100010001000101 0001000101010010
11000100010001100 00010001010100010
110001000100010 000100010101010
11000100010100001 00010001010101011
11000100010100010 00010001010101010
11000111000100000 00010000000000111
11000111000100001 00010000000000110
11000111000100000 00010000010000111
11000111000100001 00010000010000110
11000111000000100 00010000011010011
11000111000000101 00010000011010010
11000100010001000 00010101010100010
11000100010001010 00010101010100001
11000000100001001 00011100000000011
11000000100001010 00011100000000010
11000000100010010 00011100000000011
11000000100010011 00011100000000010
11000000100011100 00011100000000000
11000000100011100 00011100000000010
11000000100011100 00011100001000000
11000100000011100 00011001011000000
11000111000100000 00011000000000111
11000111000100001 00011000000000110
11001000100001001 00010100000000011
11001000100001010 00010100000000010
11001000100010010 00010100000000011
11001000100010011 00010100000000010
11001000100011100 00010100000000000
11001000100011100 00010100000000010
11001000100011100 00010100001000000
11001100000011100 00010001011000000
11001100010001000 00010001010100010
11001100010001010 00010001010100001
1100111000100000 0001000000000111
1100111000100001 0001000000000110
11001110001000100 00010000000001010
11001110001100000 00010000000010010
11001001000100000 00011000000000111
11001001000100001 00011000000000110
11010001000100001 00000100010101011
11010001000100010 00000100010101010
11010100010001000 00000101010100010
11010100010001010 00000101010100001
11010000100001001 00001100000000011
11010000100001010 00001100000000010
11010000100010010 00001100000000011
11010000100010011 00001100000000010
11010000100011100 00001100000000000
11010000100011100 00001100000000010
11010000100011100 00001100001000000
11010100000011100 00001001011000000
11011001000100000 00001000000000111
11011001000100001 00001000000000110
11010001000100001 00010100010101011
11010001000100010 00010100010101010
11010001000001000 00010101010100010
11010001000001010 00010101010100001
110100010001000 000101010100010
110100010001010 000101010100001
11010001010001000 00010101000100010
11010001010001010 00010101000100001
11010001010001000 00010101010100010
11010001010001010 00010101010100001
1101010000100000 0001000000000111
1101010000100001 0001000000000110
11010100001000100 00010000000001010
11010100001100000 00010000000010010
11010100010001000 00010101010100010
11010100010001010 00010101010100001
11010010000100000 00011000000000111
11010010000100001 00011000000000110
11000111000100000 00100000000000111
11000111000100001 00100000000000110
11000111000100000 00100000010000111
11000111000100001 00100000010000110
11000111000000100 00100000011010011
11000111000000101 00100000011010010
11000111000100000 00101000000000111
11000111000100001 00101000000000110
11001101000100001 00100000010101011
11001101000100010 00100000010101010
11001001000100000 00101000000000111
11001001000100001 00101000000000110
11001010000100000 00101000000000111
11001010000100001 00101000000000110
11000010000000100 00110000000010011
11000010000000101 00110000000010010
1100001000010000 0011000000000111
1100001000010001 0011000000000110
11000010000100100 00110000000001010
110000100001001 001100000000011
110000100001010 001100000000010
11000010001001000 00110000000001011
11000010001001001 00110000000001010
110000100010010 001100000000011
110000100010011 001100000000010
11000010001000100 00110000000010011
11000010001000101 00110000000010010
110000100011100 001100000000000
1100001000111000 0011000000000010
11000010001110100 00110000000000010
110000100011100 001100000000010
1100001000111000 0011000000000110
11000010001111000 00110000000000010
110000100011100 001100001000000
1100001000111000 0011000010000010
11000010001110100 00110000100000010
11000010001111000 00110000100000010
1100001010000100 0011000000010011
1100001010000101 0011000000010010
11000010100001100 00110000000100010
1100010000100000 0011000000000111
1100010000100001 0011000000000110
11000100001000100 00110000000001010
11000100001100000 00110000000010010
11000110010100001 00110000000101011
11000110010100010 00110000000101010
11000001000010000 00111000000000111
11000001000010001 00111000000000110
1100000100001001 0011100000000011
1100000100001010 0011100000000010
1100000100010010 0011100000000011
1100000100010011 0011100000000010
1100000100011100 0011100000000000
11000001000111000 00111000000000010
1100000100011100 0011100000000010
11000001000111000 00111000000000110
1100000100011100 0011100001000000
11000001000111000 00111000010000010
11000001010000100 00111000000010011
11000001010000101 00111000000010010
11000010000100000 00111000000000111
11000010000100001 00111000000000110
11000000100001001 00111100000000011
11000000100001010 00111100000000010
11000000100010010 00111100000000011
11000000100010011 00111100000000010
11000000100011100 00111100000000000
11000000100011100 00111100000000010
11000000100011100 00111100001000000
11000100000011100 00111001011000000
11001000010100000 00110010000000111
11001000010100001 00110010000000110
1100100000011100 0011001011000000
11001000000111000 00110010110000010
11001001000100000 00111000000000111
11001001000100001 00111000000000110
11010000000100000 00100100000000111
11010000000100001 00100100000000110
1101000010100000 0010010000000111
1101000010100001 0010010000000110
11010000101000100 00100100000001010
110100000011100 001001011000000
1101000000111000 0010010110000010
11010000001110100 00100101100000010
11010000001111000 00100101100000010
11010001000100000 00100100000000111
11010001000100001 00100100000000110
11010001000100011 00100101010001000
11010100010001100 00100001010100010
11010100010001011 00100001010101000
11010110010100001 00100000000101011
11010110010100010 00100000000101010
11010000100001001 00101100000000011
11010000100001010 00101100000000010
11010000100010010 00101100000000011
11010000100010011 00101100000000010
11010000100011100 00101100000000000
11010000100011100 00101100000000010
11010000100011100 00101100001000000
11010100000011100 00101001011000000
11011001000100000 00101000000000111
11011001000100001 00101000000000110
1101001000100000 0011000000000111
1101001000100001 0011000000000110
11010010001000100 00110000000001010
11010010001100000 00110000000010010
11010010000100000 00111000000000111
11010010000100001 00111000000000110
11100111000100000 00000000000000111
11100111000100001 00000000000000110
11100111000100000 00000000010000111
11100111000100001 00000000010000110
11100111000000100 00000000011010011
11100111000000101 00000000011010010
1110001000100001 0000100010101011
11100010001000100 00001000101010011
11100010001000101 00001000101010010
1110001000100010 0000100010101010
11100111000100000 00001000000000111
11100111000100001 00001000000000110
1110100010001000 0000101010100010
1110100010001010 0000101010100001
11101010000100000 00001000000000111
11101010000100001 00001000000000110
11100001000010000 00011000000000111
11100001000010001 00011000000000110
1110000100001001 0001100000000011
1110000100001010 0001100000000010
1110000100010010 0001100000000011
1110000100010011 0001100000000010
1110000100011100 0001100000000000
11100001000111000 00011000000000010
1110000100011100 0001100000000010
11100001000111000 00011000000000110
1110000100011100 0001100001000000
11100001000111000 00011000010000010
11100001010000100 00011000000010011
11100001010000101 00011000000010010
11100010000100000 00011000000000111
11100010000100001 00011000000000110
11100000100001001 00011100000000011
11100000100001010 00011100000000010
11100000100010010 00011100000000011
11100000100010011 00011100000000010
11100000100011100 00011100000000000
11100000100011100 00011100000000010
11100000100011100 00011100001000000
11100100000011100 00011001011000000
11101000010100000 00010010000000111
11101000010100001 00010010000000110
1110100000011100 0001001011000000
11101000000111000 00010010110000010
11101001000100000 00011000000000111
11101001000100001 00011000000000110
11110001000100001 00000100010101011
11110001000100010 00000100010101010
11110100010001000 00000101010100010
11110100010001010 00000101010100001
11110000100001001 00001100000000011
11110000100001010 00001100000000010
11110000100010010 00001100000000011
11110000100010011 00001100000000010
11110000100011100 00001100000000000
11110000100011100 00001100000000010
11110000100011100 00001100001000000
11110100000011100 00001001011000000
11111001000100000 00001000000000111
11111001000100001 00001000000000110
1111001000100000 0001000000000111
1111001000100001 0001000000000110
11110010001000100 00010000000001010
11110010001100000 00010000000010010
11110010000100000 00011000000000111
11110010000100001 00011000000000110
11100100010000001 00100000000011011
11100100010000010 00100000000011010
111001000100000 001000000000111
111001000100001 001000000000110
11100100010001001 00100000000010011
11100100010001010 00100000000010010
1110010001000100 0010000000001010
11100100011000001 00100000000100011
11100100011000010 00100000000100010
1110010001100000 0010000000010010
11100100011000001 00100000000101011
11100100011000010 00100000000101010
11100111000100000 00100000000000111
11100111000100001 00100000000000110
11100111000100000 00100000010000111
11100111000100001 00100000010000110
11100111000000100 00100000011010011
11100111000000101 00100000011010010
11100111000100000 00101000000000111
11100111000100001 00101000000000110
11101010000100000 00101000000000111
11101010000100001 00101000000000110
11100001000100011 00110101010001000
1110010000100000 0011000000000111
1110010000100001 0011000000000110
11100100001000100 00110000000001010
11100100001100000 00110000000010010
11100000100001001 00111100000000011
11100000100001010 00111100000000010
11100000100010010 00111100000000011
11100000100010011 00111100000000010
11100000100011100 00111100000000000
11100000100011100 00111100000000010
11100000100011100 00111100001000000
11100100000011100 00111001011000000
11101001000100000 00111000000000111
11101001000100001 00111000000000110
11110000100001001 00101100000000011
11110000100001010 00101100000000010
11110000100010010 00101100000000011
11110000100010011 00101100000000010
11110000100011100 00101100000000000
11110000100011100 00101100000000010
11110000100011100 00101100001000000
11110100000011100 00101001011000000
11111001000100000 00101000000000111
11111001000100001 00101000000000110
11110010000100000 00111000000000111
11110010000100001 00111000000000110
11000111000100000 01000000000000111
11000111000100001 01000000000000110
11000111000100000 01000000010000111
11000111000100001 01000000010000110
11000111000000100 01000000011010011
11000111000000101 01000000011010010
11000111000100000 01001000000000111
11000111000100001 01001000000000110
11001000100000000 01000000000110111
11001000100000001 01000000000110110
1100100010000001 0100000000011011
11001000100000100 01000000000110011
11001000100000101 01000000000110010
1100100010000010 0100000000011010
11001000100000 01000000000111
11001000100001 01000000000110
11001000100010000 01000000000100111
11001000100010001 01000000000100110
1100100010001001 0100000000010011
11001000100010100 01000000000100011
11001000100010101 01000000000100010
1100100010001010 0100000000010010
110010001000100 010000000001010
11001000100100000 01000000000000111
11001000100100001 01000000000000110
11001000110000000 01000000001000111
11001000110000001 01000000001000110
1100100011000001 0100000000100011
11001000110000100 01000000001000011
11001000110000101 01000000001000010
1100100011000010 0100000000100010
110010001100000 010000000010010
11001000110000000 01000000001010111
11001000110000001 01000000001010110
1100100011000001 0100000000101011
11001000110000100 01000000001010011
11001000110000101 01000000001010010
1100100011000010 0100000000101010
11001000111000000 01000000000000111
11001000111000001 01000000000000110
11001000111000000 01000000000010111
11001000111000001 01000000000010110
11001001000100000 01000010000000111
11001001000100001 01000010000000110
11001101000100001 01000000010101011
11001101000100010 01000000010101010
1100111000100000 0100000000000111
1100111000100001 0100000000000110
11001110001000100 01000000000001010
11001110001100000 01000000000010010
1100111000100000 0100000010000111
1100111000100001 0100000010000110
11001110001000100 01000000100001010
11001110001100000 01000000100010010
1100111000000100 0100000011010011
1100111000000101 0100000011010010
11001110000001100 01000000110100010
11001001000100000 01001000000000111
11001001000100001 01001000000000110
11001010000100000 01001000000000111
11001010000100001 01001000000000110
11000001100001001 01010010000000011
11000001100001010 01010010000000010
11000001100010010 01010010000000011
11000001100010011 01010010000000010
11000001100011100 01010010000000000
11000001100011100 01010010000000010
11000001100011100 01010010001000000
11000100010001100 01010001010100010
11000100010001011 01010001010101000
11000111000100000 01010000000000111
11000111000100001 01010000000000110
11000111000100000 01010000010000111
11000111000100001 01010000010000110
11000111000000100 01010000011010011
11000111000000101 01010000011010010
11000000100001001 01011100000000011
11000000100001010 01011100000000010
11000000100010010 01011100000000011
11000000100010011 01011100000000010
11000000100011100 01011100000000000
11000000100011100 01011100000000010
11000000100011100 01011100001000000
11000100000011100 01011001011000000
11000111000100000 01011000000000111
11000111000100001 01011000000000110
11001000100001001 01010100000000011
11001000100001010 01010100000000010
11001000100010010 01010100000000011
11001000100010011 01010100000000010
11001000100011100 01010100000000000
11001000100011100 01010100000000010
11001000100011100 01010100001000000
11001100000011100 01010001011000000
11001100010001000 01010001010100010
11001100010001010 01010001010100001
1100111000100000 0101000000000111
1100111000100001 0101000000000110
11001110001000100 01010000000001010
11001110001100000 01010000000010010
11001001000100000 01011000000000111
11001001000100001 01011000000000110
11010000100001001 01001100000000011
11010000100001010 01001100000000010
11010000100010010 01001100000000011
11010000100010011 01001100000000010
11010000100011100 01001100000000000
11010000100011100 01001100000000010
11010000100011100 01001100001000000
11010100000011100 01001001011000000
11011001000100000 01001000000000111
11011001000100001 01001000000000110
11010001000100011 01010101010001000
1101010000100000 0101000000000111
1101010000100001 0101000000000110
11010100001000100 01010000000001010
11010100001100000 01010000000010010
11010010000100000 01011000000000111
11010010000100001 01011000000000110
11000001100001001 01100010000000011
11000001100001010 01100010000000010
11000001100010010 01100010000000011
11000001100010011 01100010000000010
11000001100011100 01100010000000000
11000001100011100 01100010000000010
11000001100011100 01100010001000000
11000111000100000 01100000000000111
11000111000100001 01100000000000110
11000111000100000 01100000010000111
11000111000100001 01100000010000110
11000111000000100 01100000011010011
11000111000000101 01100000011010010
11000001100001001 01101010000000011
11000001100001010 01101010000000010
11000001100010010 01101010000000011
11000001100010011 01101010000000010
11000001100011100 01101010000000000
11000001100011100 01101010000000010
11000001100011100 01101010001000000
1100001000100011 0110101010001000
11000010001011000 01101010100000010
11000010001011000 01101010100000011
11000010001011001 01101010100000010
11000010001011010 01101010100000001
11000010001011100 01101010100000001
11000010100110000 01101010000000111
11000010100110001 01101010000000110
11000010100110100 01101010000000011
11000010100110101 01101010000000010
11000000100001001 01101100000000011
11000000100001010 01101100000000010
11000000100010010 01101100000000011
11000000100010011 01101100000000010
11000000100011100 01101100000000000
11000000100011100 01101100000000010
11000000100011100 01101100001000000
11000100000011100 01101001011000000
11000111000100000 01101000000000111
11000111000100001 01101000000000110
11001000010000001 01100000000011011
11001000010000010 01100000000011010
110010000100000 011000000000111
110010000100001 011000000000110
11001000010001001 01100000000010011
11001000010001010 01100000000010010
1100100001000100 0110000000001010
11001000011000001 01100000000100011
11001000011000010 01100000000100010
1100100001100000 0110000000010010
11001000011000001 01100000000101011
11001000011000010 01100000000101010
11001000100001001 01100100000000011
11001000100001010 01100100000000010
11001000100010010 01100100000000011
11001000100010011 01100100000000010
11001000100011100 01100100000000000
11001000100011100 01100100000000010
11001000100011100 01100100001000000
11001100000011100 01100001011000000
11001100010001000 01100001010100010
11001100010001010 01100001010100001
11001010000100000 01101000000000111
11001010000100001 01101000000000110
11000001000010000 01111000000000111
11000001000010001 01111000000000110
1100000100001001 0111100000000011
1100000100001010 0111100000000010
1100000100010010 0111100000000011
1100000100010011 0111100000000010
1100000100011100 0111100000000000
11000001000111000 01111000000000010
1100000100011100 0111100000000010
11000001000111000 01111000000000110
1100000100011100 0111100001000000
11000001000111000 01111000010000010
11000001010000100 01111000000010011
11000001010000101 01111000000010010
11000010000100000 01111000000000111
11000010000100001 01111000000000110
11000000100001001 01111100000000011
11000000100001010 01111100000000010
11000000100010010 01111100000000011
11000000100010011 01111100000000010
11000000100011100 01111100000000000
11000000100011100 01111100000000010
11000000100011100 01111100001000000
11000100000011100 01111001011000000
11001000010100000 01110010000000111
11001000010100001 01110010000000110
1100100000011100 0111001011000000
11001000000111000 01110010110000010
11001001000100000 01111000000000111
11001001000100001 01111000000000110
11010100010001100 01100001010100010
11010100010001011 01100001010101000
11010000100001001 01101100000000011
11010000100001010 01101100000000010
11010000100010010 01101100000000011
11010000100010011 01101100000000010
11010000100011100 01101100000000000
11010000100011100 01101100000000010
11010000100011100 01101100001000000
11010100000011100 01101001011000000
11011001000100000 01101000000000111
11011001000100001 01101000000000110
1101001000100000 0111000000000111
1101001000100001 0111000000000110
11010010001000100 01110000000001010
11010010001100000 01110000000010010
11010010000100000 01111000000000111
11010010000100001 01111000000000110
11100111000100000 01000000000000111
11100111000100001 01000000000000110
11100111000100000 01000000010000111
11100111000100001 01000000010000110
11100111000000100 01000000011010011
11100111000000101 01000000011010010
11100111000100000 01001000000000111
11100111000100001 01001000000000110
11101010000100000 01001000000000111
11101010000100001 01001000000000110
11100001000010000 01011000000000111
11100001000010001 01011000000000110
1110000100001001 0101100000000011
1110000100001010 0101100000000010
1110000100010010 0101100000000011
1110000100010011 0101100000000010
1110000100011100 0101100000000000
11100001000111000 01011000000000010
1110000100011100 0101100000000010
11100001000111000 01011000000000110
1110000100011100 0101100001000000
11100001000111000 01011000010000010
11100001010000100 01011000000010011
11100001010000101 01011000000010010
11100010000100000 01011000000000111
11100010000100001 01011000000000110
11100000100001001 01011100000000011
11100000100001010 01011100000000010
11100000100010010 01011100000000011
11100000100010011 01011100000000010
11100000100011100 01011100000000000
11100000100011100 01011100000000010
11100000100011100 01011100001000000
11100100000011100 01011001011000000
11101000010100000 01010010000000111
11101000010100001 01010010000000110
1110100000011100 0101001011000000
11101000000111000 01010010110000010
11101001000100000 01011000000000111
11101001000100001 01011000000000110
11110001000100001 01000100010101011
11110001000100010 01000100010101010
11110100010001000 01000101010100010
11110100010001010 01000101010100001
11110000100001001 01001100000000011
11110000100001010 01001100000000010
11110000100010010 01001100000000011
11110000100010011 01001100000000010
11110000100011100 01001100000000000
11110000100011100 01001100000000010
11110000100011100 01001100001000000
11110100000011100 01001001011000000
11111001000100000 01001000000000111
11111001000100001 01001000000000110
1111001000100000 0101000000000111
1111001000100001 0101000000000110
11110010001000100 01010000000001010
11110010001100000 01010000000010010
11110010000100000 01011000000000111
11110010000100001 01011000000000110
11100111000100000 01100000000000111
11100111000100001 01100000000000110
11100111000100000 01100000010000111
11100111000100001 01100000010000110
11100111000000100 01100000011010011
11100111000000101 01100000011010010
11100111000100000 01101000000000111
11100111000100001 01101000000000110
11101010000100000 01101000000000111
11101010000100001 01101000000000110
11100001000100011 01110101010001000
1110010000100000 0111000000000111
1110010000100001 0111000000000110
11100100001000100 01110000000001010
11100100001100000 01110000000010010
11100000100001001 01111100000000011
11100000100001010 01111100000000010
11100000100010010 01111100000000011
11100000100010011 01111100000000010
11100000100011100 01111100000000000
11100000100011100 01111100000000010
11100000100011100 01111100001000000
11100100000011100 01111001011000000
11101001000100000 01111000000000111
11101001000100001 01111000000000110
11110000100001001 01101100000000011
11110000100001010 01101100000000010
11110000100010010 01101100000000011
11110000100010011 01101100000000010
11110000100011100 01101100000000000
11110000100011100 01101100000000010
11110000100011100 01101100001000000
11110100000011100 01101001011000000
11111001000100000 01101000000000111
11111001000100001 01101000000000110
11110010000100000 01111000000000111
11110010000100001 01111000000000110
10000111000100000 10000000000000111
10000111000100001 10000000000000110
10000111000100000 10000000010000111
10000111000100001 10000000010000110
10000111000000100 10000000011010011
10000111000000101 10000000011010010
10000111000100000 10001000000000111
10000111000100001 10001000000000110
1000111000100000 1000000000000111
1000111000100001 1000000000000110
10001110001000100 10000000000001010
10001110001100000 10000000000010010
1000111000100000 1000000010000111
1000111000100001 1000000010000110
10001110001000100 10000000100001010
10001110001100000 10000000100010010
1000111000000100 1000000011010011
1000111000000101 1000000011010010
10001110000001100 10000000110100010
10001010000100000 10001000000000111
10001010000100001 10001000000000110
10000001100001001 10010010000000011
10000001100001010 10010010000000010
10000001100010010 10010010000000011
10000001100010011 10010010000000010
10000001100011100 10010010000000000
10000001100011100 10010010000000010
10000001100011100 10010010001000000
10000100010001100 10010001010100010
10000100010001011 10010001010101000
10000111000100000 10010000000000111
10000111000100001 10010000000000110
10000111000100000 10010000010000111
10000111000100001 10010000010000110
10000111000000100 10010000011010011
10000111000000101 10010000011010010
10000000100001001 10011100000000011
10000000100001010 10011100000000010
10000000100010010 10011100000000011
10000000100010011 10011100000000010
10000000100011100 10011100000000000
10000000100011100 10011100000000010
10000000100011100 10011100001000000
10000100000011100 10011001011000000
10000111000100000 10011000000000111
10000111000100001 10011000000000110
10001000100001001 10010100000000011
10001000100001010 10010100000000010
10001000100010010 10010100000000011
10001000100010011 10010100000000010
10001000100011100 10010100000000000
10001000100011100 10010100000000010
10001000100011100 10010100001000000
10001100000011100 10010001011000000
10001100010001000 10010001010100010
10001100010001010 10010001010100001
1000111000100000 1001000000000111
1000111000100001 1001000000000110
10001110001000100 10010000000001010
10001110001100000 10010000000010010
10001001000100000 10011000000000111
10001001000100001 10011000000000110
10010000100001001 10001100000000011
10010000100001010 10001100000000010
10010000100010010 10001100000000011
10010000100010011 10001100000000010
10010000100011100 10001100000000000
10010000100011100 10001100000000010
10010000100011100 10001100001000000
10010100000011100 10001001011000000
10011100010000001 10000000000011011
10011100010000010 10000000000011010
100111000100000 100000000000111
100111000100001 100000000000110
10011100010001001 10000000000010011
10011100010001010 10000000000010010
1001110001000100 1000000000001010
10011100011000001 10000000000100011
10011100011000010 10000000000100010
1001110001100000 1000000000010010
10011100011000001 10000000000101011
10011100011000010 10000000000101010
10011100010000001 10000001000011011
10011100010000010 10000001000011010
100111000100000 100000010000111
100111000100001 100000010000110
10011100010001001 10000001000010011
10011100010001010 10000001000010010
1001110001000100 1000000100001010
10011100011000001 10000001000100011
10011100011000010 10000001000100010
1001110001100000 1000000100010010
10011100011000001 10000001000101011
10011100011000010 10000001000101010
10011100000010001 10000001101001011
10011100000010010 10000001101001010
100111000000100 100000011010011
100111000000101 100000011010010
10011100000011001 10000001101000011
10011100000011010 10000001101000010
1001110000001100 1000000110100010
10011001000100000 10001000000000111
10011001000100001 10001000000000110
10010001000100011 10010101010001000
1001010000100000 1001000000000111
1001010000100001 1001000000000110
10010100001000100 10010000000001010
10010100001100000 10010000000010010
10010010000100000 10011000000000111
10010010000100001 10011000000000110
10000011000010000 10100100000000111
10000011000010001 10100100000000110
1000001100001001 1010010000000011
1000001100001010 1010010000000010
1000001100010010 1010010000000011
1000001100010011 1010010000000010
1000001100011100 1010010000000000
10000011000111000 10100100000000010
1000001100011100 1010010000000010
10000011000111000 10100100000000110
1000001100011100 1010010001000000
10000011000111000 10100100010000010
10000111000100000 10101000000000111
10000111000100001 10101000000000110
10001000100011001 10100010101000011
10001000100011010 10100010101000010
1000100010001100 1010001010100010
1000100010001011 1010001010101000
10001101000100001 10100000010101011
10001101000100010 10100000010101010
1000111000100000 1010000000000111
1000111000100001 1010000000000110
10001110001000100 10100000000001010
10001110001100000 10100000000010010
1000111000100000 1010000010000111
1000111000100001 1010000010000110
10001110001000100 10100000100001010
10001110001100000 10100000100010010
1000111000000100 1010000011010011
1000111000000101 1010000011010010
10001110000001100 10100000110100010
10001111000100000 10100000000000111
10001111000100001 10100000000000110
10001111000100000 10100000010000111
10001111000100001 10100000010000110
10001111000000100 10100000011010011
10001111000000101 10100000011010010
10001010000100000 10101000000000111
10001010000100001 10101000000000110
10000001000010000 10111000000000111
10000001000010001 10111000000000110
1000000100001001 1011100000000011
1000000100001010 1011100000000010
1000000100010010 1011100000000011
1000000100010011 1011100000000010
1000000100011100 1011100000000000
10000001000111000 10111000000000010
1000000100011100 1011100000000010
10000001000111000 10111000000000110
1000000100011100 1011100001000000
10000001000111000 10111000010000010
10000001010000100 10111000000010011
10000001010000101 10111000000010010
10000010000100000 10111000000000111
10000010000100001 10111000000000110
10000000100001001 10111100000000011
10000000100001010 10111100000000010
10000000100010010 10111100000000011
10000000100010011 10111100000000010
10000000100011100 10111100000000000
10000000100011100 10111100000000010
10000000100011100 10111100001000000
10000100000011100 10111001011000000
10001000010100000 10110010000000111
10001000010100001 10110010000000110
1000100000011100 1011001011000000
10001000000111000 10110010110000010
1000111000100000 1011000000000111
1000111000100001 1011000000000110
10001110001000100 10110000000001010
10001110001100000 10110000000010010
10001001000100000 10111000000000111
10001001000100001 10111000000000110
10010100010001100 10100001010100010
10010100010001011 10100001010101000
10010111000100000 10100000000000111
10010111000100001 10100000000000110
10010111000100000 10100000010000111
10010111000100001 10100000010000110
10010111000000100 10100000011010011
10010111000000101 10100000011010010
10010001000010000 10101000000000111
10010001000010001 10101000000000110
1001000100001001 1010100000000011
1001000100001010 1010100000000010
1001000100010010 1010100000000011
1001000100010011 1010100000000010
1001000100011100 1010100000000000
10010001000111000 10101000000000010
1001000100011100 1010100000000010
10010001000111000 10101000000000110
1001000100011100 1010100001000000
10010001000111000 10101000010000010
10010001010000100 10101000000010011
10010001010000101 10101000000010010
10010010000100000 10101000000000111
10010010000100001 10101000000000110
10010000100001001 10101100000000011
10010000100001010 10101100000000010
10010000100010010 10101100000000011
10010000100010011 10101100000000010
10010000100011100 10101100000000000
10010000100011100 10101100000000010
10010000100011100 10101100001000000
10010100000011100 10101001011000000
10011000010100000 10100010000000111
10011000010100001 10100010000000110
1001100000011100 1010001011000000
10011000000111000 10100010110000010
1001100010001000 1010001010100010
1001100010001010 1010001010100001
10011100010000001 10100000000011011
10011100010000010 10100000000011010
100111000100000 101000000000111
100111000100001 101000000000110
10011100010001001 10100000000010011
10011100010001010 10100000000010010
1001110001000100 1010000000001010
10011100011000001 10100000000100011
10011100011000010 10100000000100010
1001110001100000 1010000000010010
10011100011000001 10100000000101011
10011100011000010 10100000000101010
10011001000100000 10101000000000111
10011001000100001 10101000000000110
1001001000100000 1011000000000111
1001001000100001 1011000000000110
10010010001000100 10110000000001010
10010010001100000 10110000000010010
10010010000100000 10111000000000111
10010010000100001 10111000000000110
10100111000100000 10000000000000111
10100111000100001 10000000000000110
10100111000100000 10000000010000111
10100111000100001 10000000010000110
10100111000000100 10000000011010011
10100111000000101 10000000011010010
10100111000100000 10001000000000111
10100111000100001 10001000000000110
10101010000100000 10001000000000111
10101010000100001 10001000000000110
10100001000010000 10011000000000111
10100001000010001 10011000000000110
1010000100001001 1001100000000011
1010000100001010 1001100000000010
1010000100010010 1001100000000011
1010000100010011 1001100000000010
1010000100011100 1001100000000000
10100001000111000 10011000000000010
1010000100011100 1001100000000010
10100001000111000 10011000000000110
1010000100011100 1001100001000000
10100001000111000 10011000010000010
10100001010000100 10011000000010011
10100001010000101 10011000000010010
10100010000100000 10011000000000111
10100010000100001 10011000000000110
10100000100001001 10011100000000011
10100000100001010 10011100000000010
10100000100010010 10011100000000011
10100000100010011 10011100000000010
10100000100011100 10011100000000000
10100000100011100 10011100000000010
10100000100011100 10011100001000000
10100100000011100 10011001011000000
10101000010100000 10010010000000111
10101000010100001 10010010000000110
1010100000011100 1001001011000000
10101000000111000 10010010110000010
10101001000100000 10011000000000111
10101001000100001 10011000000000110
10110001000100001 10000100010101011
10110001000100010 10000100010101010
10110100010001000 10000101010100010
10110100010001010 10000101010100001
10110000100001001 10001100000000011
10110000100001010 10001100000000010
10110000100010010 10001100000000011
10110000100010011 10001100000000010
10110000100011100 10001100000000000
10110000100011100 10001100000000010
10110000100011100 10001100001000000
10110100000011100 10001001011000000
10111001000100000 10001000000000111
10111001000100001 10001000000000110
1011001000100000 1001000000000111
1011001000100001 1001000000000110
10110010001000100 10010000000001010
10110010001100000 10010000000010010
10110010000100000 10011000000000111
10110010000100001 10011000000000110
10100001100001001 10100010000000011
10100001100001010 10100010000000010
10100001100010010 10100010000000011
10100001100010011 10100010000000010
10100001100011100 10100010000000000
10100001100011100 10100010000000010
10100001100011100 10100010001000000
10100111000100000 10100000000000111
10100111000100001 10100000000000110
10100111000100000 10100000010000111
10100111000100001 10100000010000110
10100111000000100 10100000011010011
10100111000000101 10100000011010010
10100001100001001 10101010000000011
10100001100001010 10101010000000010
10100001100010010 10101010000000011
10100001100010011 10101010000000010
10100001100011100 10101010000000000
10100001100011100 10101010000000010
10100001100011100 10101010001000000
1010001000100011 1010101010001000
10100010001011000 10101010100000010
10100010001011000 10101010100000011
10100010001011001 10101010100000010
10100010001011010 10101010100000001
10100010001011100 10101010100000001
10100010100110000 10101010000000111
10100010100110001 10101010000000110
10100010100110100 10101010000000011
10100010100110101 10101010000000010
10100000100001001 10101100000000011
10100000100001010 10101100000000010
10100000100010010 10101100000000011
10100000100010011 10101100000000010
10100000100011100 10101100000000000
10100000100011100 10101100000000010
10100000100011100 10101100001000000
10100100000011100 10101001011000000
10100111000100000 10101000000000111
10100111000100001 10101000000000110
10101000010000001 10100000000011011
10101000010000010 10100000000011010
101010000100000 101000000000111
101010000100001 101000000000110
10101000010001001 10100000000010011
10101000010001010 10100000000010010
1010100001000100 1010000000001010
10101000011000001 10100000000100011
10101000011000010 10100000000100010
1010100001100000 1010000000010010
10101000011000001 10100000000101011
10101000011000010 10100000000101010
10101000100001001 10100100000000011
10101000100001010 10100100000000010
10101000100010010 10100100000000011
10101000100010011 10100100000000010
10101000100011100 10100100000000000
10101000100011100 10100100000000010
10101000100011100 10100100001000000
10101100000011100 10100001011000000
10101100010001000 10100001010100010
10101100010001010 10100001010100001
10101010000100000 10101000000000111
10101010000100001 10101000000000110
10100001000100011 10110101010001000
1010010000100000 1011000000000111
1010010000100001 1011000000000110
10100100001000100 10110000000001010
10100100001100000 10110000000010010
10100000100001001 10111100000000011
10100000100001010 10111100000000010
10100000100010010 10111100000000011
10100000100010011 10111100000000010
10100000100011100 10111100000000000
10100000100011100 10111100000000010
10100000100011100 10111100001000000
10100100000011100 10111001011000000
10101001000100000 10111000000000111
10101001000100001 10111000000000110
10110000100001001 10101100000000011
10110000100001010 10101100000000010
10110000100010010 10101100000000011
10110000100010011 10101100000000010
10110000100011100 10101100000000000
10110000100011100 10101100000000010
10110000100011100 10101100001000000
10110100000011100 10101001011000000
10111001000100000 10101000000000111
10111001000100001 10101000000000110
10110010000100000 10111000000000111
10110010000100001 10111000000000110
10000011000010000 11000100000000111
10000011000010001 11000100000000110
1000001100001001 1100010000000011
1000001100001010 1100010000000010
1000001100010010 1100010000000011
1000001100010011 1100010000000010
1000001100011100 1100010000000000
10000011000111000 11000100000000010
1000001100011100 1100010000000010
10000011000111000 11000100000000110
1000001100011100 1100010001000000
10000011000111000 11000100010000010
10000111000100000 11001000000000111
10000111000100001 11001000000000110
1000111000100000 1100000000000111
1000111000100001 1100000000000110
10001110001000100 11000000000001010
10001110001100000 11000000000010010
1000111000100000 1100000010000111
1000111000100001 1100000010000110
10001110001000100 11000000100001010
10001110001100000 11000000100010010
1000111000000100 1100000011010011
1000111000000101 1100000011010010
10001110000001100 11000000110100010
10001010000100000 11001000000000111
10001010000100001 11001000000000110
10000001100001001 11010010000000011
10000001100001010 11010010000000010
10000001100010010 11010010000000011
10000001100010011 11010010000000010
10000001100011100 11010010000000000
10000001100011100 11010010000000010
10000001100011100 11010010001000000
10000011000010000 11010100000000111
10000011000010001 11010100000000110
1000001100001001 1101010000000011
1000001100001010 1101010000000010
1000001100010010 1101010000000011
1000001100010011 1101010000000010
1000001100011100 1101010000000000
10000011000111000 11010100000000010
1000001100011100 1101010000000010
10000011000111000 11010100000000110
1000001100011100 1101010001000000
10000011000111000 11010100010000010
10000100010001100 11010001010100010
10000100010001011 11010001010101000
10000100000100011 11010101010001000
10000100010000011 11010101000101000
10000100010001011 11010101000100000
100001000100011 110101010001000
10000100010001011 11010101000101000
10000100010110010 11010101000000011
10000100010110011 11010101000000010
1000010001011000 1101010100000010
1000010001011000 1101010100000011
1000010001011001 1101010100000010
1000010001011010 1101010100000001
1000010001011100 1101010100000001
10000100010111010 11010101000000000
10000100010111010 11010101000000010
10000100010111100 11010101000000010
10000100011000100 11010101000000011
10000100011000101 11010101000000010
10000101001100000 11010100000000111
10000101001100001 11010100000000110
1000010100110000 1101010000000111
1000010100110001 1101010000000110
10000101001100100 11010100000001010
1000010100110100 1101010000000011
1000010100110101 1101010000000010
10000101001101000 11010100000001011
10000101001101001 11010100000001010
10000101000100011 11010100010001000
10000101000100011 11010101010001000
10000001000010000 11011000000000111
10000001000010001 11011000000000110
1000000100001001 1101100000000011
1000000100001010 1101100000000010
1000000100010010 1101100000000011
1000000100010011 1101100000000010
1000000100011100 1101100000000000
10000001000111000 11011000000000010
1000000100011100 1101100000000010
10000001000111000 11011000000000110
1000000100011100 1101100001000000
10000001000111000 11011000010000010
10000001010000100 11011000000010011
10000001010000101 11011000000010010
10000010000100000 11011000000000111
10000010000100001 11011000000000110
10000000100001001 11011100000000011
10000000100001010 11011100000000010
10000000100010010 11011100000000011
10000000100010011 11011100000000010
10000000100011100 11011100000000000
10000000100011100 11011100000000010
10000000100011100 11011100001000000
10000100000011100 11011001011000000
10000111000100000 11011000000000111
10000111000100001 11011000000000110
10001000010100000 11010010000000111
10001000010100001 11010010000000110
1000100000011100 1101001011000000
10001000000111000 11010010110000010
10001000100001001 11010100000000011
10001000100001010 11010100000000010
10001000100010010 11010100000000011
10001000100010011 11010100000000010
10001000100011100 11010100000000000
10001000100011100 11010100000000010
10001000100011100 11010100001000000
10001100000011100 11010001011000000
10001100010001000 11010001010100010
10001100010001010 11010001010100001
1000111000100000 1101000000000111
1000111000100001 1101000000000110
10001110001000100 11010000000001010
10001110001100000 11010000000010010
10001001000100000 11011000000000111
10001001000100001 11011000000000110
10010000100000000 11000000000110111
10010000100000001 11000000000110110
1001000010000001 1100000000011011
10010000100000100 11000000000110011
10010000100000101 11000000000110010
1001000010000010 1100000000011010
10010000100000 11000000000111
10010000100001 11000000000110
10010000100010000 11000000000100111
10010000100010001 11000000000100110
1001000010001001 1100000000010011
10010000100010100 11000000000100011
10010000100010101 11000000000100010
1001000010001010 1100000000010010
100100001000100 110000000001010
10010000100100000 11000000000000111
10010000100100001 11000000000000110
10010000110000000 11000000001000111
10010000110000001 11000000001000110
1001000011000001 1100000000100011
10010000110000100 11000000001000011
10010000110000101 11000000001000010
1001000011000010 1100000000100010
100100001100000 110000000010010
10010000110000000 11000000001010111
10010000110000001 11000000001010110
1001000011000001 1100000000101011
10010000110000100 11000000001010011
10010000110000101 11000000001010010
1001000011000010 1100000000101010
10010000111000000 11000000000000111
10010000111000001 11000000000000110
10010000111000000 11000000000010111
10010000111000001 11000000000010110
10010001000100000 11000010000000111
10010001000100001 11000010000000110
10010100000100000 11000010000000111
10010100000100001 11000010000000110
10010111000100000 11000000000000111
10010111000100001 11000000000000110
10010111000100000 11000000010000111
10010111000100001 11000000010000110
10010111000000100 11000000011010011
10010111000000101 11000000011010010
10010001000010000 11001000000000111
10010001000010001 11001000000000110
1001000100001001 1100100000000011
1001000100001010 1100100000000010
1001000100010010 1100100000000011
1001000100010011 1100100000000010
1001000100011100 1100100000000000
10010001000111000 11001000000000010
1001000100011100 1100100000000010
10010001000111000 11001000000000110
1001000100011100 1100100001000000
10010001000111000 11001000010000010
10010001010000100 11001000000010011
10010001010000101 11001000000010010
10010010000100000 11001000000000111
10010010000100001 11001000000000110
10010000100001001 11001100000000011
10010000100001010 11001100000000010
10010000100010010 11001100000000011
10010000100010011 11001100000000010
10010000100011100 11001100000000000
10010000100011100 11001100000000010
10010000100011100 11001100001000000
10010100000011100 11001001011000000
10011000010100000 11000010000000111
10011000010100001 11000010000000110
1001100000011100 1100001011000000
10011000000111000 11000010110000010
1001100010001000 1100001010100010
1001100010001010 1100001010100001
10011010000100000 11000000000000111
10011010000100001 11000000000000110
10011101000100001 11000000010101011
10011101000100010 11000000010101010
10011001000100000 11001000000000111
10011001000100001 11001000000000110
10010001000100011 11010101010001000
1001010000100000 1101000000000111
1001010000100001 1101000000000110
10010100001000100 11010000000001010
10010100001100000 11010000000010010
10010010000100000 11011000000000111
10010010000100001 11011000000000110
10000111000100000 11100000000000111
10000111000100001 11100000000000110
10000111000100000 11100000010000111
10000111000100001 11100000010000110
10000111000000100 11100000011010011
10000111000000101 11100000011010010
10000111000100000 11101000000000111
10000111000100001 11101000000000110
10001101000100001 11100000010101011
10001101000100010 11100000010101010
10001001000100000 11101000000000111
10001001000100001 11101000000000110
10001010000100000 11101000000000111
10001010000100001 11101000000000110
10000010000000100 11110000000010011
10000010000000101 11110000000010010
1000001000010000 1111000000000111
1000001000010001 1111000000000110
10000010000100100 11110000000001010
100000100001001 111100000000011
100000100001010 111100000000010
10000010001001000 11110000000001011
10000010001001001 11110000000001010
100000100010010 111100000000011
100000100010011 111100000000010
10000010001000100 11110000000010011
10000010001000101 11110000000010010
100000100011100 111100000000000
1000001000111000 1111000000000010
10000010001110100 11110000000000010
100000100011100 111100000000010
1000001000111000 1111000000000110
10000010001111000 11110000000000010
100000100011100 111100001000000
1000001000111000 1111000010000010
10000010001110100 11110000100000010
10000010001111000 11110000100000010
1000001010000100 1111000000010011
1000001010000101 1111000000010010
10000010100001100 11110000000100010
1000010000100000 1111000000000111
1000010000100001 1111000000000110
10000100001000100 11110000000001010
10000100001100000 11110000000010010
10000110010100001 11110000000101011
10000110010100010 11110000000101010
10000001000010000 11111000000000111
10000001000010001 11111000000000110
1000000100001001 1111100000000011
1000000100001010 1111100000000010
1000000100010010 1111100000000011
1000000100010011 1111100000000010
1000000100011100 1111100000000000
10000001000111000 11111000000000010
1000000100011100 1111100000000010
10000001000111000 11111000000000110
1000000100011100 1111100001000000
10000001000111000 11111000010000010
10000001010000100 11111000000010011
10000001010000101 11111000000010010
10000010000100000 11111000000000111
10000010000100001 11111000000000110
10000000100001001 11111100000000011
10000000100001010 11111100000000010
10000000100010010 11111100000000011
10000000100010011 11111100000000010
10000000100011100 11111100000000000
10000000100011100 11111100000000010
10000000100011100 11111100001000000
10000100000011100 11111001011000000
10001000010100000 11110010000000111
10001000010100001 11110010000000110
1000100000011100 1111001011000000
10001000000111000 11110010110000010
10001001000100000 11111000000000111
10001001000100001 11111000000000110
10010000000100000 11100100000000111
10010000000100001 11100100000000110
1001000010100000 1110010000000111
1001000010100001 1110010000000110
10010000101000100 11100100000001010
100100000011100 111001011000000
1001000000111000 1110010110000010
10010000001110100 11100101100000010
10010000001111000 11100101100000010
10010001000100000 11100100000000111
10010001000100001 11100100000000110
10010001000100011 11100101010001000
10010100010001100 11100001010100010
10010100010001011 11100001010101000
10010110010100001 11100000000101011
10010110010100010 11100000000101010
10010000100001001 11101100000000011
10010000100001010 11101100000000010
10010000100010010 11101100000000011
10010000100010011 11101100000000010
10010000100011100 11101100000000000
10010000100011100 11101100000000010
10010000100011100 11101100001000000
10010100000011100 11101001011000000
10011001000100000 11101000000000111
10011001000100001 11101000000000110
1001001000100000 1111000000000111
1001001000100001 1111000000000110
10010010001000100 11110000000001010
10010010001100000 11110000000010010
10010010000100000 11111000000000111
10010010000100001 11111000000000110
10100111000100000 11000000000000111
10100111000100001 11000000000000110
10100111000100000 11000000010000111
10100111000100001 11000000010000110
10100111000000100 11000000011010011
10100111000000101 11000000011010010
10100111000100000 11001000000000111
10100111000100001 11001000000000110
10101000100011001 11000010101000011
10101000100011010 11000010101000010
1010100010001100 1100001010100010
1010100010001011 1100001010101000
10101101000100001 11000000010101011
10101101000100010 11000000010101010
10101010000100000 11001000000000111
10101010000100001 11001000000000110
10100001000010000 11011000000000111
10100001000010001 11011000000000110
1010000100001001 1101100000000011
1010000100001010 1101100000000010
1010000100010010 1101100000000011
1010000100010011 1101100000000010
1010000100011100 1101100000000000
10100001000111000 11011000000000010
1010000100011100 1101100000000010
10100001000111000 11011000000000110
1010000100011100 1101100001000000
10100001000111000 11011000010000010
10100001010000100 11011000000010011
10100001010000101 11011000000010010
10100010000100000 11011000000000111
10100010000100001 11011000000000110
10100000100001001 11011100000000011
10100000100001010 11011100000000010
10100000100010010 11011100000000011
10100000100010011 11011100000000010
10100000100011100 11011100000000000
10100000100011100 11011100000000010
10100000100011100 11011100001000000
10100100000011100 11011001011000000
10101000010100000 11010010000000111
10101000010100001 11010010000000110
1010100000011100 1101001011000000
10101000000111000 11010010110000010
10101001000100000 11011000000000111
10101001000100001 11011000000000110
10110001000100001 11000100010101011
10110001000100010 11000100010101010
10110100010001000 11000101010100010
10110100010001010 11000101010100001
10110000100001001 11001100000000011
10110000100001010 11001100000000010
10110000100010010 11001100000000011
10110000100010011 11001100000000010
10110000100011100 11001100000000000
10110000100011100 11001100000000010
10110000100011100 11001100001000000
10110100000011100 11001001011000000
10111001000100000 11001000000000111
10111001000100001 11001000000000110
1011001000100000 1101000000000111
1011001000100001 1101000000000110
10110010001000100 11010000000001010
10110010001100000 11010000000010010
10110010000100000 11011000000000111
10110010000100001 11011000000000110
10100100010000001 11100000000011011
10100100010000010 11100000000011010
101001000100000 111000000000111
101001000100001 111000000000110
10100100010001001 11100000000010011
10100100010001010 11100000000010010
1010010001000100 1110000000001010
10100100011000001 11100000000100011
10100100011000010 11100000000100010
1010010001100000 1110000000010010
10100100011000001 11100000000101011
10100100011000010 11100000000101010
10100111000100000 11100000000000111
10100111000100001 11100000000000110
10100111000100000 11100000010000111
10100111000100001 11100000010000110
10100111000000100 11100000011010011
10100111000000101 11100000011010010
10100111000100000 11101000000000111
10100111000100001 11101000000000110
10101010000100000 11101000000000111
10101010000100001 11101000000000110
10100001000100011 11110101010001000
1010010000100000 1111000000000111
1010010000100001 1111000000000110
10100100001000100 11110000000001010
10100100001100000 11110000000010010
10100000100001001 11111100000000011
10100000100001010 11111100000000010
10100000100010010 11111100000000011
10100000100010011 11111100000000010
10100000100011100 11111100000000000
10100000100011100 11111100000000010
10100000100011100 11111100001000000
10100100000011100 11111001011000000
10101001000100000 11111000000000111
10101001000100001 11111000000000110
10110000100001001 11101100000000011
10110000100001010 11101100000000010
10110000100010010 11101100000000011
10110000100010011 11101100000000010
10110000100011100 11101100000000000
10110000100011100 11101100000000010
10110000100011100 11101100001000000
10110100000011100 11101001011000000
10111001000100000 11101000000000111
10111001000100001 11101000000000110
10110010000100000 11111000000000111
10110010000100001 11111000000000110
11000111000100000 10000000000000111
11000111000100001 10000000000000110
11000111000100000 10000000010000111
11000111000100001 10000000010000110
11000111000000100 10000000011010011
11000111000000101 10000000011010010
11000111000100000 10001000000000111
11000111000100001 10001000000000110
1100111000100000 1000000000000111
1100111000100001 1000000000000110
11001110001000100 10000000000001010
11001110001100000 10000000000010010
1100111000100000 1000000010000111
1100111000100001 1000000010000110
11001110001000100 10000000100001010
11001110001100000 10000000100010010
1100111000000100 1000000011010011
1100111000000101 1000000011010010
11001110000001100 10000000110100010
11001010000100000 10001000000000111
11001010000100001 10001000000000110
11000001100001001 10010010000000011
11000001100001010 10010010000000010
11000001100010010 10010010000000011
11000001100010011 10010010000000010
11000001100011100 10010010000000000
11000001100011100 10010010000000010
11000001100011100 10010010001000000
11000100010001100 10010001010100010
11000100010001011 10010001010101000
11000111000100000 10010000000000111
11000111000100001 10010000000000110
11000111000100000 10010000010000111
11000111000100001 10010000010000110
11000111000000100 10010000011010011
11000111000000101 10010000011010010
11000000100001001 10011100000000011
11000000100001010 10011100000000010
11000000100010010 10011100000000011
11000000100010011 10011100000000010
11000000100011100 10011100000000000
11000000100011100 10011100000000010
11000000100011100 10011100001000000
11000100000011100 10011001011000000
11000111000100000 10011000000000111
11000111000100001 10011000000000110
11001000100001001 10010100000000011
11001000100001010 10010100000000010
11001000100010010 10010100000000011
11001000100010011 10010100000000010
11001000100011100 10010100000000000
11001000100011100 10010100000000010
11001000100011100 10010100001000000
11001100000011100 10010001011000000
11001100010001000 10010001010100010
11001100010001010 10010001010100001
1100111000100000 1001000000000111
1100111000100001 1001000000000110
11001110001000100 10010000000001010
11001110001100000 10010000000010010
11001001000100000 10011000000000111
11001001000100001 10011000000000110
11010000100001001 10001100000000011
11010000100001010 10001100000000010
11010000100010010 10001100000000011
11010000100010011 10001100000000010
11010000100011100 10001100000000000
11010000100011100 10001100000000010
11010000100011100 10001100001000000
11010100000011100 10001001011000000
11011001000100000 10001000000000111
11011001000100001 10001000000000110
11010001000100011 10010101010001000
1101010000100000 1001000000000111
1101010000100001 1001000000000110
11010100001000100 10010000000001010
11010100001100000 10010000000010010
11010010000100000 10011000000000111
11010010000100001 10011000000000110
11000111000100000 10100000000000111
11000111000100001 10100000000000110
11000111000100000 10100000010000111
11000111000100001 10100000010000110
11000111000000100 10100000011010011
11000111000000101 10100000011010010
11000111000100000 10101000000000111
11000111000100001 10101000000000110
11001101000100001 10100000010101011
11001101000100010 10100000010101010
11001001000100000 10101000000000111
11001001000100001 10101000000000110
11001010000100000 10101000000000111
11001010000100001 10101000000000110
11000010000000100 10110000000010011
11000010000000101 10110000000010010
1100001000010000 1011000000000111
1100001000010001 1011000000000110
11000010000100100 10110000000001010
110000100001001 101100000000011
110000100001010 101100000000010
11000010001001000 10110000000001011
11000010001001001 10110000000001010
110000100010010 101100000000011
110000100010011 101100000000010
11000010001000100 10110000000010011
11000010001000101 10110000000010010
110000100011100 101100000000000
1100001000111000 1011000000000010
11000010001110100 10110000000000010
110000100011100 101100000000010
1100001000111000 1011000000000110
11000010001111000 10110000000000010
110000100011100 101100001000000
1100001000111000 1011000010000010
11000010001110100 10110000100000010
11000010001111000 10110000100000010
1100001010000100 1011000000010011
1100001010000101 1011000000010010
11000010100001100 10110000000100010
1100010000100000 1011000000000111
1100010000100001 1011000000000110
11000100001000100 10110000000001010
11000100001100000 10110000000010010
11000110010100001 10110000000101011
11000110010100010 10110000000101010
11000001000010000 10111000000000111
11000001000010001 10111000000000110
1100000100001001 1011100000000011
1100000100001010 1011100000000010
1100000100010010 1011100000000011
1100000100010011 1011100000000010
1100000100011100 1011100000000000
11000001000111000 10111000000000010
1100000100011100 1011100000000010
11000001000111000 10111000000000110
1100000100011100 1011100001000000
11000001000111000 10111000010000010
11000001010000100 10111000000010011
11000001010000101 10111000000010010
11000010000100000 10111000000000111
11000010000100001 10111000000000110
11000000100001001 10111100000000011
11000000100001010 10111100000000010
11000000100010010 10111100000000011
11000000100010011 10111100000000010
11000000100011100 10111100000000000
11000000100011100 10111100000000010
11000000100011100 10111100001000000
11000100000011100 10111001011000000
11001000010100000 10110010000000111
11001000010100001 10110010000000110
1100100000011100 1011001011000000
11001000000111000 10110010110000010
11001001000100000 10111000000000111
11001001000100001 10111000000000110
11010000000100000 10100100000000111
11010000000100001 10100100000000110
1101000010100000 1010010000000111
1101000010100001 1010010000000110
11010000101000100 10100100000001010
110100000011100 101001011000000
1101000000111000 1010010110000010
11010000001110100 10100101100000010
11010000001111000 10100101100000010
11010001000100000 10100100000000111
11010001000100001 10100100000000110
11010001000100011 10100101010001000
11010100010001100 10100001010100010
11010100010001011 10100001010101000
11010110010100001 10100000000101011
11010110010100010 10100000000101010
11010000100001001 10101100000000011
11010000100001010 10101100000000010
11010000100010010 10101100000000011
11010000100010011 10101100000000010
11010000100011100 10101100000000000
11010000100011100 10101100000000010
11010000100011100 10101100001000000
11010100000011100 10101001011000000
11011001000100000 10101000000000111
11011001000100001 10101000000000110
1101001000100000 1011000000000111
1101001000100001 1011000000000110
11010010001000100 10110000000001010
11010010001100000 10110000000010010
11010010000100000 10111000000000111
11010010000100001 10111000000000110
11100111000100000 10000000000000111
11100111000100001 10000000000000110
11100111000100000 10000000010000111
11100111000100001 10000000010000110
11100111000000100 10000000011010011
11100111000000101 10000000011010010
1110001000100001 1000100010101011
11100010001000100 10001000101010011
11100010001000101 10001000101010010
1110001000100010 1000100010101010
11100111000100000 10001000000000111
11100111000100001 10001000000000110
1110100010001000 1000101010100010
1110100010001010 1000101010100001
11101010000100000 10001000000000111
11101010000100001 10001000000000110
11100001000010000 10011000000000111
11100001000010001 10011000000000110
1110000100001001 1001100000000011
1110000100001010 1001100000000010
1110000100010010 1001100000000011
1110000100010011 1001100000000010
1110000100011100 1001100000000000
11100001000111000 10011000000000010
1110000100011100 1001100000000010
11100001000111000 10011000000000110
1110000100011100 1001100001000000
11100001000111000 10011000010000010
11100001010000100 10011000000010011
11100001010000101 10011000000010010
11100010000100000 10011000000000111
11100010000100001 10011000000000110
11100000100001001 10011100000000011
11100000100001010 10011100000000010
11100000100010010 10011100000000011
11100000100010011 10011100000000010
11100000100011100 10011100000000000
11100000100011100 10011100000000010
11100000100011100 10011100001000000
11100100000011100 10011001011000000
11101000010100000 10010010000000111
11101000010100001 10010010000000110
1110100000011100 1001001011000000
11101000000111000 10010010110000010
11101001000100000 10011000000000111
11101001000100001 10011000000000110
11110001000100001 10000100010101011
11110001000100010 10000100010101010
11110100010001000 10000101010100010
11110100010001010 10000101010100001
11110000100001001 10001100000000011
11110000100001010 10001100000000010
11110000100010010 10001100000000011
11110000100010011 10001100000000010
11110000100011100 10001100000000000
11110000100011100 10001100000000010
11110000100011100 10001100001000000
11110100000011100 10001001011000000
11111001000100000 10001000000000111
11111001000100001 10001000000000110
1111001000100000 1001000000000111
1111001000100001 1001000000000110
11110010001000100 10010000000001010
11110010001100000 10010000000010010
11110010000100000 10011000000000111
11110010000100001 10011000000000110
11100100010000001 10100000000011011
11100100010000010 10100000000011010
111001000100000 101000000000111
111001000100001 101000000000110
11100100010001001 10100000000010011
11100100010001010 10100000000010010
1110010001000100 1010000000001010
11100100011000001 10100000000100011
11100100011000010 10100000000100010
1110010001100000 1010000000010010
11100100011000001 10100000000101011
11100100011000010 10100000000101010
11100111000100000 10100000000000111
11100111000100001 10100000000000110
11100111000100000 10100000010000111
11100111000100001 10100000010000110
11100111000000100 10100000011010011
11100111000000101 10100000011010010
11100111000100000 10101000000000111
11100111000100001 10101000000000110
11101010000100000 10101000000000111
11101010000100001 10101000000000110
11100001000100011 10110101010001000
1110010000100000 1011000000000111
1110010000100001 1011000000000110
11100100001000100 10110000000001010
11100100001100000 10110000000010010
11100000100001001 10111100000000011
11100000100001010 10111100000000010
11100000100010010 10111100000000011
11100000100010011 10111100000000010
11100000100011100 10111100000000000
11100000100011100 10111100000000010
11100000100011100 10111100001000000
11100100000011100 10111001011000000
11101001000100000 10111000000000111
11101001000100001 10111000000000110
11110000100001001 10101100000000011
11110000100001010 10101100000000010
11110000100010010 10101100000000011
11110000100010011 10101100000000010
11110000100011100 10101100000000000
11110000100011100 10101100000000010
11110000100011100 10101100001000000
11110100000011100 10101001011000000
11111001000100000 10101000000000111
11111001000100001 10101000000000110
11110010000100000 10111000000000111
11110010000100001 10111000000000110
11000111000100000 11000000000000111
11000111000100001 11000000000000110
11000111000100000 11000000010000111
11000111000100001 11000000010000110
11000111000000100 11000000011010011
11000111000000101 11000000011010010
11000111000100000 11001000000000111
11000111000100001 11001000000000110
1100111000100000 1100000000000111
1100111000100001 1100000000000110
11001110001000100 11000000000001010
11001110001100000 11000000000010010
1100111000100000 1100000010000111
1100111000100001 1100000010000110
11001110001000100 11000000100001010
11001110001100000 11000000100010010
1100111000000100 1100000011010011
1100111000000101 1100000011010010
11001110000001100 11000000110100010
11001010000100000 11001000000000111
11001010000100001 11001000000000110
11000001100001001 11010010000000011
11000001100001010 11010010000000010
11000001100010010 11010010000000011
11000001100010011 11010010000000010
11000001100011100 11010010000000000
11000001100011100 11010010000000010
11000001100011100 11010010001000000
11000100010001100 11010001010100010
11000100010001011 11010001010101000
11000111000100000 11010000000000111
11000111000100001 11010000000000110
11000111000100000 11010000010000111
11000111000100001 11010000010000110
11000111000000100 11010000011010011
11000111000000101 11010000011010010
11000000100001001 11011100000000011
11000000100001010 11011100000000010
11000000100010010 11011100000000011
11000000100010011 11011100000000010
11000000100011100 11011100000000000
11000000100011100 11011100000000010
11000000100011100 11011100001000000
11000100000011100 11011001011000000
11000111000100000 11011000000000111
11000111000100001 11011000000000110
11001000100001001 11010100000000011
11001000100001010 11010100000000010
11001000100010010 11010100000000011
11001000100010011 11010100000000010
11001000100011100 11010100000000000
11001000100011100 11010100000000010
11001000100011100 11010100001000000
11001100000011100 11010001011000000
11001100010001000 11010001010100010
11001100010001010 11010001010100001
1100111000100000 1101000000000111
1100111000100001 1101000000000110
11001110001000100 11010000000001010
11001110001100000 11010000000010010
11001001000100000 11011000000000111
11001001000100001 11011000000000110
11010000100001001 11001100000000011
11010000100001010 11001100000000010
11010000100010010 11001100000000011
11010000100010011 11001100000000010
11010000100011100 11001100000000000
11010000100011100 11001100000000010
11010000100011100 11001100001000000
11010100000011100 11001001011000000
11011001000100000 11001000000000111
11011001000100001 11001000000000110
11010001000100011 11010101010001000
1101010000100000 1101000000000111
1101010000100001 1101000000000110
11010100001000100 11010000000001010
11010100001100000 11010000000010010
11010010000100000 11011000000000111
11010010000100001 11011000000000110
11000001100001001 11100010000000011
11000001100001010 11100010000000010
11000001100010010 11100010000000011
11000001100010011 11100010000000010
11000001100011100 11100010000000000
11000001100011100 11100010000000010
11000001100011100 11100010001000000
11000111000100000 11100000000000111
11000111000100001 11100000000000110
11000111000100000 11100000010000111
11000111000100001 11100000010000110
11000111000000100 11100000011010011
11000111000000101 11100000011010010
11000001100001001 11101010000000011
11000001100001010 11101010000000010
11000001100010010 11101010000000011
11000001100010011 11101010000000010
11000001100011100 11101010000000000
11000001100011100 11101010000000010
11000001100011100 11101010001000000
1100001000100011 1110101010001000
11000010001011000 11101010100000010
11000010001011000 11101010100000011
11000010001011001 11101010100000010
11000010001011010 11101010100000001
11000010001011100 11101010100000001
11000010100110000 11101010000000111
11000010100110001 11101010000000110
11000010100110100 11101010000000011
11000010100110101 11101010000000010
11000000100001001 11101100000000011
11000000100001010 11101100000000010
11000000100010010 11101100000000011
11000000100010011 11101100000000010
11000000100011100 11101100000000000
11000000100011100 11101100000000010
11000000100011100 11101100001000000
11000100000011100 11101001011000000
11000111000100000 11101000000000111
11000111000100001 11101000000000110
11001000010000001 11100000000011011
11001000010000010 11100000000011010
110010000100000 111000000000111
110010000100001 111000000000110
11001000010001001 11100000000010011
11001000010001010 11100000000010010
1100100001000100 1110000000001010
11001000011000001 11100000000100011
11001000011000010 11100000000100010
1100100001100000 1110000000010010
11001000011000001 11100000000101011
11001000011000010 11100000000101010
11001000100001001 11100100000000011
11001000100001010 11100100000000010
11001000100010010 11100100000000011
11001000100010011 11100100000000010
11001000100011100 11100100000000000
11001000100011100 11100100000000010
11001000100011100 11100100001000000
11001100000011100 11100001011000000
11001100010001000 11100001010100010
11001100010001010 11100001010100001
11001010000100000 11101000000000111
11001010000100001 11101000000000110
11000001000010000 11111000000000111
11000001000010001 11111000000000110
1100000100001001 1111100000000011
1100000100001010 1111100000000010
1100000100010010 1111100000000011
1100000100010011 1111100000000010
1100000100011100 1111100000000000
11000001000111000 11111000000000010
1100000100011100 1111100000000010
11000001000111000 11111000000000110
1100000100011100 1111100001000000
11000001000111000 11111000010000010
11000001010000100 11111000000010011
11000001010000101 11111000000010010
11000010000100000 11111000000000111
11000010000100001 11111000000000110
11000000100001001 11111100000000011
11000000100001010 11111100000000010
11000000100010010 11111100000000011
11000000100010011 11111100000000010
11000000100011100 11111100000000000
11000000100011100 11111100000000010
11000000100011100 11111100001000000
11000100000011100 11111001011000000
11001000010100000 11110010000000111
11001000010100001 11110010000000110
1100100000011100 1111001011000000
11001000000111000 11110010110000010
11001001000100000 11111000000000111
11001001000100001 11111000000000110
11010100010001100 11100001010100010
11010100010001011 11100001010101000
11010000100001001 11101100000000011
11010000100001010 11101100000000010
11010000100010010 11101100000000011
11010000100010011 11101100000000010
11010000100011100 11101100000000000
11010000100011100 11101100000000010
11010000100011100 11101100001000000
11010100000011100 11101001011000000
11011001000100000 11101000000000111
11011001000100001 11101000000000110
1101001000100000 1111000000000111
1101001000100001 1111000000000110
11010010001000100 11110000000001010
11010010001100000 11110000000010010
11010010000100000 11111000000000111
11010010000100001 11111000000000110
11100111000100000 11000000000000111
11100111000100001 11000000000000110
11100111000100000 11000000010000111
11100111000100001 11000000010000110
11100111000000100 11000000011010011
11100111000000101 11000000011010010
11100111000100000 11001000000000111
11100111000100001 11001000000000110
11101010000100000 11001000000000111
11101010000100001 11001000000000110
11100001000010000 11011000000000111
11100001000010001 11011000000000110
1110000100001001 1101100000000011
1110000100001010 1101100000000010
1110000100010010 1101100000000011
1110000100010011 1101100000000010
1110000100011100 1101100000000000
11100001000111000 11011000000000010
1110000100011100 1101100000000010
11100001000111000 11011000000000110
1110000100011100 1101100001000000
11100001000111000 11011000010000010
11100001010000100 11011000000010011
11100001010000101 11011000000010010
11100010000100000 11011000000000111
11100010000100001 11011000000000110
11100000100001001 11011100000000011
11100000100001010 11011100000000010
11100000100010010 11011100000000011
11100000100010011 11011100000000010
11100000100011100 11011100000000000
11100000100011100 11011100000000010
11100000100011100 11011100001000000
11100100000011100 11011001011000000
11101000010100000 11010010000000111
11101000010100001 11010010000000110
1110100000011100 1101001011000000
11101000000111000 11010010110000010
11101001000100000 11011000000000111
11101001000100001 11011000000000110
11110001000100001 11000100010101011
11110001000100010 11000100010101010
11110100010001000 11000101010100010
11110100010001010 11000101010100001
11110000100001001 11001100000000011
11110000100001010 11001100000000010
11110000100010010 11001100000000011
11110000100010011 11001100000000010
11110000100011100 11001100000000000
11110000100011100 11001100000000010
11110000100011100 11001100001000000
11110100000011100 11001001011000000
11111001000100000 11001000000000111
11111001000100001 11001000000000110
1111001000100000 1101000000000111
1111001000100001 1101000000000110
11110010001000100 11010000000001010
11110010001100000 11010000000010010
11110010000100000 11011000000000111
11110010000100001 11011000000000110
11100111000100000 11100000000000111
11100111000100001 11100000000000110
11100111000100000 11100000010000111
11100111000100001 11100000010000110
11100111000000100 11100000011010011
11100111000000101 11100000011010010
11100111000100000 11101000000000111
11100111000100001 11101000000000110
11101010000100000 11101000000000111
11101010000100001 11101000000000110
11100001000100011 11110101010001000
1110010000100000 1111000000000111
1110010000100001 1111000000000110
11100100001000100 11110000000001010
11100100001100000 11110000000010010
11100000100001001 11111100000000011
11100000100001010 11111100000000010
11100000100010010 11111100000000011
11100000100010011 11111100000000010
11100000100011100 11111100000000000
11100000100011100 11111100000000010
11100000100011100 11111100001000000
11100100000011100 11111001011000000
11101001000100000 11111000000000111
11101001000100001 11111000000000110
11110000100001001 11101100000000011
11110000100001010 11101100000000010
11110000100010010 11101100000000011
11110000100010011 11101100000000010
11110000100011100 11101100000000000
11110000100011100 11101100000000010
11110000100011100 11101100001000000
11110100000011100 11101001011000000
11111001000100000 11101000000000111
11111001000100001 11101000000000110
11110010000100000 11111000000000111
11110010000100001 11111000000000110
